"","X1","X2","X3","X4","X5","Z","y","pi","mu","tau"
"1",0.175657892366871,0.425986919086426,0.115034265676513,0.524043331388384,0.213423694483936,0,1.06756966830334,0.337828946183436,1.68914473091718,0.851973838172853
"2",0.0644427817314863,0.990450146142393,0.586875481065363,0.636904710903764,0.44350376795046,1,5.02365059279248,0.282221390865743,1.41110695432872,1.98090029228479
"3",0.801911186892539,0.52611841307953,0.993196547497064,0.719611200038344,0.403768080053851,0,2.38267498705499,0.65095559344627,3.25477796723135,1.05223682615906
"4",0.483352031558752,0.882863284787163,0.902842776151374,0.867996269604191,0.0381053381133825,0,3.81766501178555,0.491676015779376,2.45838007889688,1.76572656957433
"5",0.322889846283942,0.63692079577595,0.759192733094096,0.63800711883232,0.151417147368193,1,3.32600265656742,0.411444923141971,2.05722461570986,1.2738415915519
"6",0.402638896368444,0.0503807477653027,0.785642613191158,0.275748837506399,0.857939757639542,0,0.771961633008679,0.451319448184222,2.25659724092111,0.100761495530605
"7",0.766083062859252,0.542655106866732,0.386697526555508,0.920529717812315,0.581633773399517,1,3.56756343362167,0.633041531429626,3.16520765714813,1.08531021373346
"8",0.911418786039576,0.19505123491399,0.668235321063548,0.223278216319159,0.2931254201103,1,5.48563258037451,0.705709393019788,3.52854696509894,0.39010246982798
"9",0.620373039040715,0.694945633411407,0.154133702395484,0.306847935775295,0.692252211738378,1,5.32818839797435,0.560186519520357,2.80093259760179,1.38989126682281
"10",0.0550540692638606,0.151625336380675,0.0774022527039051,0.319891371531412,0.364665337139741,0,-0.354384178642433,0.27752703463193,1.38763517315965,0.303250672761351
"11",0.511941475793719,0.712185540236533,0.270292097236961,0.689694544067606,0.948037737514824,1,2.61307382918497,0.50597073789686,2.5298536894843,1.42437108047307
"12",0.858107649954036,0.479927682317793,0.781061610206962,0.35826885746792,0.775924704270437,1,3.26640441272293,0.679053824977018,3.39526912488509,0.959855364635587
"13",0.268531528301537,0.95527526945807,0.347094255499542,0.0889543774537742,0.112144304206595,1,3.76993548510871,0.384265764150769,1.92132882075384,1.91055053891614
"14",0.29161476297304,0.0895724629517645,0.110450556036085,0.875042109983042,0.758118432248011,0,1.92205251653967,0.39580738148652,1.9790369074326,0.179144925903529
"15",0.142638745484874,0.197439881972969,0.357343723531812,0.299157732399181,0.959155859891325,1,2.64181527663549,0.321319372742437,1.60659686371218,0.394879763945937
"16",0.791349040577188,0.579480619402602,0.638195142382756,0.0588190227281302,0.656276237918064,1,4.32943403054459,0.645674520288594,3.22837260144297,1.1589612388052
"17",0.0789258610457182,0.000407621031627059,0.974306448362768,0.281800140393898,0.14172595506534,1,0.26264244151376,0.289462930522859,1.4473146526143,0.000815242063254118
"18",0.835626919055358,0.378200884442776,0.283678215695545,0.364730648463592,0.557805702090263,1,4.2263210127948,0.667813459527679,3.33906729763839,0.756401768885553
"19",0.774375345557928,0.77650909521617,0.834570203209296,0.163253711769357,0.285100416978821,0,3.49068983048381,0.637187672778964,3.18593836389482,1.55301819043234
"20",0.731863149441779,0.141655445797369,0.226561995223165,0.931357388617471,0.592812891118228,1,2.56228490912943,0.615931574720889,3.07965787360445,0.283310891594738
"21",0.92602823022753,0.831608442822471,0.836359487380832,0.160886877216399,0.654104775050655,1,4.52833277079547,0.713014115113765,3.56507057556883,1.66321688564494
"22",0.00936706410720944,0.450304457219318,0.399152789497748,0.67567821056582,0.0428701895289123,0,1.20005722248304,0.254683532053605,1.27341766026802,0.900608914438635
"23",0.900683215819299,0.422778223641217,0.0734217786230147,0.355888625374064,0.692537342896685,1,3.76467985647818,0.70034160790965,3.50170803954825,0.845556447282434
"24",0.0127965302672237,0.995079413056374,0.866462455363944,0.127439035801217,0.506212075939402,0,1.08087073456562,0.256398265133612,1.28199132566806,1.99015882611275
"25",0.801101501565427,0.0491333529353142,0.644935548072681,0.944603316951543,0.926362689118832,1,2.77799077534484,0.650550750782713,3.25275375391357,0.0982667058706284
"26",0.366570058045909,0.0685507841408253,0.884431343991309,0.0534091137815267,0.431875542504713,0,2.76142415840292,0.433285029022954,2.16642514511477,0.137101568281651
"27",0.934111237293109,0.713579987175763,0.988984721014276,0.73786246473901,0.608571310527623,0,3.11638996055068,0.717055618646555,3.58527809323277,1.42715997435153
"28",0.977535070618615,0.631409304914996,0.871743800118566,0.848484658636153,0.954974562395364,0,3.43069665774632,0.738767535309307,3.69383767654654,1.26281860982999
"29",0.325144053669646,0.873518430395052,0.451730230590329,0.920608434826136,0.0816511332523078,1,4.52073425861318,0.412572026834823,2.06286013417412,1.7470368607901
"30",0.130290448199958,0.814491431694478,0.425293868407607,0.784876573598012,0.405894689029083,0,3.60291779074116,0.315145224099979,1.57572612049989,1.62898286338896
"31",0.79915911750868,0.0355773000046611,0.594828412868083,0.408777112141252,0.920740469591692,0,2.40140637407326,0.64957955875434,3.2478977937717,0.0711546000093222
"32",0.4084844479803,0.783358588349074,0.754337317310274,0.236938001587987,0.441070929402485,1,3.39308669588133,0.45424222399015,2.27121111995075,1.56671717669815
"33",0.0905350116081536,0.246667405590415,0.322916897712275,0.0872318409383297,0.337692302884534,0,2.26828554668898,0.295267505804077,1.47633752902038,0.49333481118083
"34",0.551405685953796,0.697464748518541,0.435020834440365,0.841809202218428,0.689231499098241,1,5.18459565220154,0.525702842976898,2.62851421488449,1.39492949703708
"35",0.329557478660718,0.0844649563077837,0.514057463034987,0.59018854284659,0.0497662182897329,0,1.88479986739803,0.414778739330359,2.07389369665179,0.168929912615567
"36",0.301900773076341,0.0531428782269359,0.549559913575649,0.00631554098799825,0.885286964010447,0,1.61829137130544,0.40095038653817,2.00475193269085,0.106285756453872
"37",0.740209141280502,0.77935784123838,0.681180235464126,0.707988144829869,0.643991898512468,1,4.94343059159009,0.620104570640251,3.10052285320126,1.55871568247676
"38",0.269744758727029,0.882437237538397,0.673732856521383,0.758573501603678,0.757929349085316,0,2.11206324884136,0.384872379363514,1.92436189681757,1.76487447507679
"39",0.305352605413646,0.71706037200056,0.322186827892438,0.749857746995986,0.0106408807914704,1,2.99674105070365,0.402676302706823,2.01338151353411,1.43412074400112
"40",0.790027626790106,0.659854002762586,0.248970545362681,0.5037838940043,0.305409955093637,1,4.94147914858344,0.645013813395053,3.22506906697527,1.31970800552517
"41",0.19712567771785,0.847818245878443,0.852881458355114,0.296841355971992,0.157095391303301,0,1.07901788656047,0.348562838858925,1.74281419429462,1.69563649175689
"42",0.0948630415368825,0.181567636784166,0.48093841294758,0.170988416532055,0.782624429091811,0,0.341403669444935,0.297431520768441,1.48715760384221,0.363135273568332
"43",0.961404810659587,0.190227601444349,0.239099422004074,0.217968959826976,0.839512619655579,1,4.85614094971892,0.730702405329794,3.65351202664897,0.380455202888697
"44",0.00908280094154179,0.021143636200577,0.677486611995846,0.0215357604902238,0.493612606311217,0,2.07859541542691,0.254541400470771,1.27270700235385,0.042287272401154
"45",0.315199843840674,0.692740239901468,0.140544775873423,0.887586091179401,0.682946235872805,0,3.50473286832249,0.407599921920337,2.03799960960168,1.38548047980294
"46",0.580392276402563,0.283808902138844,0.35989411524497,0.553426445927471,0.385148941539228,0,3.66743336252525,0.540196138201281,2.70098069100641,0.567617804277688
"47",0.400398853933439,0.395575825823471,0.28838176606223,0.265551468590274,0.669601239031181,0,1.96894336975157,0.450199426966719,2.2509971348336,0.791151651646942
"48",0.63112384150736,0.344945657299832,0.389136143028736,0.625794219551608,0.335215194849297,0,2.58021142883353,0.56556192075368,2.8278096037684,0.689891314599663
"49",0.956944320816547,0.150128947338089,0.440813677385449,0.345047943061218,0.270396006526425,1,4.11591946694143,0.728472160408273,3.64236080204137,0.300257894676179
"50",0.177070061676204,0.903508194489405,0.469412393402308,0.351110822055489,0.216294794809073,0,2.80349620564327,0.338535030838102,1.69267515419051,1.80701638897881
"51",0.765468406956643,0.499973605154082,0.94257174921222,0.77793248440139,0.804266216699034,0,0.764304491064205,0.632734203478321,3.16367101739161,0.999947210308164
"52",0.460345170227811,0.699702992103994,0.859740170650184,0.22124154237099,0.731755753047764,0,1.49017371199258,0.480172585113905,2.40086292556953,1.39940598420799
"53",0.322904678294435,0.0490766130387783,0.212294223718345,0.555382446618751,0.418278698809445,1,1.82852576961899,0.411452339147218,2.05726169573609,0.0981532260775566
"54",0.807874816469848,0.724505121586844,0.574836797546595,0.951446366030723,0.598116573877633,1,4.42075595861589,0.653937408234924,3.26968704117462,1.44901024317369
"55",0.383121862076223,0.593231638660654,0.181885981233791,0.334500146564096,0.0690837299916893,0,2.38501024947614,0.441560931038111,2.20780465519056,1.18646327732131
"56",0.188919524895027,0.600188897689804,0.657067698426545,0.22694002231583,0.18548364425078,0,2.81423610091577,0.344459762447514,1.72229881223757,1.20037779537961
"57",0.636356987757608,0.277546080993488,0.667807882651687,0.0618767824489623,0.505674899090081,1,3.4003526246845,0.568178493878804,2.84089246939402,0.555092161986977
"58",0.432709142332897,0.474179744487628,0.756885812617838,0.143004255834967,0.434789951425046,0,2.2963507493094,0.466354571166448,2.33177285583224,0.948359488975257
"59",0.495270893676206,0.756351159652695,0.145130350487307,0.065683503402397,0.19080853019841,0,3.14556221686535,0.497635446838103,2.48817723419052,1.51270231930539
"60",0.563787255436182,0.946759895887226,0.100922814803198,0.666619274998084,0.330063175875694,0,4.14871351739775,0.531893627718091,2.65946813859046,1.89351979177445
"61",0.99486805871129,0.387748016277328,0.328263643197715,0.117576713906601,0.236382940551266,1,4.18387794939887,0.747434029355645,3.73717014677823,0.775496032554656
"62",0.723771505290642,0.451998495263979,0.162834396352991,0.375855417223647,0.980895416578278,1,2.32498211591435,0.611885752645321,3.05942876322661,0.903996990527958
"63",0.531836646143347,0.588502316968516,0.397776278201491,0.150609658332542,0.869812258053571,1,2.91423870601339,0.515918323071674,2.57959161535837,1.17700463393703
"64",0.956891323439777,0.949170779902488,0.46993791218847,0.149085293523967,0.925905326148495,1,4.30740212024297,0.728445661719888,3.64222830859944,1.89834155980498
"65",0.451012394623831,0.343264148803428,0.330488333245739,0.689379357965663,0.355645282194018,1,3.65567272045106,0.475506197311915,2.37753098655958,0.686528297606856
"66",0.239492917899042,0.628533657174557,0.856541888555512,0.345665677916259,0.678782323841006,0,2.52188465583503,0.369746458949521,1.84873229474761,1.25706731434911
"67",0.357790958834812,0.207018176792189,0.805852754507214,0.333104218123481,0.687645961763337,1,0.960567255481911,0.428895479417406,2.14447739708703,0.414036353584379
"68",0.189548842143267,0.541321613127366,0.806628367165104,0.398688580142334,0.688253184081987,0,1.00452221154276,0.344774421071634,1.72387210535817,1.08264322625473
"69",0.410182813182473,0.740753246704116,0.830763470381498,0.191781067522243,0.971614297712222,0,1.68777801229243,0.455091406591237,2.27545703295618,1.48150649340823
"70",0.724667606176808,0.131289177574217,0.374038450885564,0.180179296527058,0.824461452197284,0,-0.448746344898415,0.612333803088404,3.06166901544202,0.262578355148435
"71",0.781847967067733,0.204888799460605,0.529483035439625,0.115226549794897,0.354996880982071,1,3.77614168993304,0.640923983533867,3.20461991766933,0.40977759892121
"72",0.738926695194095,0.31497076805681,0.493769415654242,0.335728544741869,0.706284874351695,1,3.06054234763159,0.619463347597048,3.09731673798524,0.62994153611362
"73",0.617019030964002,0.606954194139689,0.73804725240916,0.468987088417634,0.504792063729838,1,3.87674527575046,0.558509515482001,2.79254757741,1.21390838827938
"74",0.914344452088699,0.0180196282453835,0.413407627725974,0.506925370544195,0.827590980101377,1,2.89686900002131,0.707172226044349,3.53586113022175,0.036039256490767
"75",0.205568104283884,0.996419523609802,0.0065683729480952,0.932620616164058,0.635846827179193,1,3.001726868909,0.352784052141942,1.76392026070971,1.9928390472196
"76",0.121772424783558,0.744811011012644,0.790661930572242,0.139623839175329,0.979442500974983,0,3.17263764267404,0.310886212391779,1.55443106195889,1.48962202202529
"77",0.0941539057530463,0.865152844460681,0.194109014468268,0.887245124671608,0.667056781239808,0,1.4365114516667,0.297076952876523,1.48538476438262,1.73030568892136
"78",0.591587385162711,0.15197107498534,0.572607452282682,0.7812931437511,0.357640308793634,0,1.95413971844939,0.545793692581356,2.72896846290678,0.30394214997068
"79",0.157396804308519,0.465318862814456,0.845966003136709,0.313350600888953,0.904804369900376,1,4.03184417724735,0.328698402154259,1.6434920107713,0.930637725628912
"80",0.632849030662328,0.91201309626922,0.899239778984338,0.499129451811314,0.141789352055639,0,2.94990581268881,0.566424515331164,2.83212257665582,1.82402619253844
"81",0.0560469701886177,0.609378244029358,0.27916664397344,0.721503586741164,0.801201010355726,0,3.79816034342441,0.278023485094309,1.39011742547154,1.21875648805872
"82",0.716810244368389,0.202364256372675,0.216821206733584,0.244086748920381,0.713440677151084,1,3.88432753353306,0.608405122184195,3.04202561092097,0.404728512745351
"83",0.557090348564088,0.444179006619379,0.849389031063765,0.0741977551952004,0.240143457893282,1,3.23822792813296,0.528545174282044,2.64272587141022,0.888358013238758
"84",0.54595132661052,0.920723919989541,0.317332884995267,0.727802452864125,0.984521196922287,1,6.60963690601432,0.52297566330526,2.6148783165263,1.84144783997908
"85",0.319438109872863,0.625512587372214,0.502183391479775,0.52721383748576,0.369098779279739,0,2.85070162246601,0.409719054936431,2.04859527468216,1.25102517474443
"86",0.251096456544474,0.997861544368789,0.161682020640001,0.395249975146726,0.535762676037848,1,4.1239082362613,0.375548228272237,1.87774114136118,1.99572308873758
"87",0.202309245476499,0.961952098179609,0.87010871921666,0.618529011495411,0.492196656530723,0,1.32803771758919,0.35115462273825,1.75577311369125,1.92390419635922
"88",0.600944258039817,0.245339969638735,0.893766423221678,0.224044380011037,0.0648047914728522,1,5.49181478462033,0.550472129019909,2.75236064509954,0.49067993927747
"89",0.370915442937985,0.67001166776754,0.803724008612335,0.368884613970295,0.62276006815955,0,2.59173393681658,0.435457721468993,2.17728860734496,1.34002333553508
"90",0.933865301776677,0.0617104973644018,0.473307670326903,0.481874980032444,0.493765476858243,1,3.22418321719086,0.716932650888339,3.58466325444169,0.123420994728804
"91",0.888247855240479,0.0575381889939308,0.442905403440818,0.193840905558318,0.714207643643022,1,4.2474352097172,0.69412392762024,3.4706196381012,0.115076377987862
"92",0.0268590713385493,0.507727541495115,0.689824024681002,0.302134982310236,0.503364988137037,0,0.226539830643902,0.263429535669275,1.31714767834637,1.01545508299023
"93",0.893981589004397,0.22449142485857,0.872240771073848,0.553821309003979,0.48593664332293,1,3.72358402896971,0.696990794502199,3.48495397251099,0.44898284971714
"94",0.514188556931913,0.92029566410929,0.0581890866160393,0.730507906060666,0.731381626799703,1,4.06800215201709,0.507094278465956,2.53547139232978,1.84059132821858
"95",0.945672438945621,0.352814884157851,0.105887834681198,0.43611017218791,0.130887139122933,0,4.30312558265831,0.722836219472811,3.61418109736405,0.705629768315703
"96",0.963602092349902,0.616421658778563,0.182353977113962,0.892785342410207,0.879761205520481,1,4.50948497711593,0.731801046174951,3.65900523087475,1.23284331755713
"97",0.885779901174828,0.00197198335081339,0.556101081892848,0.869831679621711,0.498070729663596,0,3.3660082148817,0.692889950587414,3.46444975293707,0.00394396670162678
"98",0.77440150314942,0.931197923375294,0.652799792122096,0.903576805721968,0.984662613132969,1,4.56186281159679,0.63720075157471,3.18600375787355,1.86239584675059
"99",0.568780284374952,0.350452118320391,0.401954545872286,0.444981703534722,0.0600529299117625,0,2.11932160433061,0.534390142187476,2.67195071093738,0.700904236640781
"100",0.988342846278101,0.871531380107626,0.835998615249991,0.360148150008172,0.253615840571001,1,5.86611772085795,0.744171423139051,3.72085711569525,1.74306276021525
"101",0.0533437163103372,0.686667514266446,0.454775250982493,0.0946049916092306,0.679880992742255,0,3.92499612222201,0.276671858155169,1.38335929077584,1.37333502853289
"102",0.939394964138046,0.0279018587898463,0.529040036257356,0.0344772131647915,0.403969279257581,1,2.57218187096353,0.719697482069023,3.59848741034511,0.0558037175796926
"103",0.79463039431721,0.972978881327435,0.794344635214657,0.667959484271705,0.450011964421719,0,4.20372178584361,0.647315197158605,3.23657598579302,1.94595776265487
"104",0.86793479975313,0.433938047615811,0.443687868537381,0.19993122597225,0.882545431610197,0,2.8689357776226,0.683967399876565,3.41983699938282,0.867876095231622
"105",0.358677432872355,0.695151474094018,0.139445771928877,0.115763961337507,0.985905058216304,0,3.24935225285647,0.429338716436177,2.14669358218089,1.39030294818804
"106",0.883331566816196,0.325650043552741,0.284472334897146,0.236191183328629,0.90582170477137,1,5.45878666501959,0.691665783408098,3.45832891704049,0.651300087105483
"107",0.621230758260936,0.756460743257776,0.774665114935488,0.233101437566802,0.957665322348475,1,5.82622641502216,0.560615379130468,2.80307689565234,1.51292148651555
"108",0.810078469803557,0.533161362633109,0.637798466254026,0.46910139080137,0.0266835335642099,1,2.91651830159649,0.655039234901778,3.27519617450889,1.06632272526622
"109",0.660120197804645,0.279047018615529,0.575902996584773,0.557446440914646,0.990375018911436,0,2.72159757194522,0.580060098902322,2.90030049451161,0.558094037231058
"110",0.695978978648782,0.214103911770508,0.199250511359423,0.852795354556292,0.0177742254454643,1,3.69788425803726,0.597989489324391,2.98994744662195,0.428207823541015
"111",0.808932786341757,0.855180682614446,0.722718806704506,0.962254973128438,0.522696919040754,1,5.48328535214696,0.654466393170878,3.27233196585439,1.71036136522889
"112",0.689764657523483,0.796196075621992,0.834806398488581,0.431518177036196,0.0551130147650838,0,3.12505582858362,0.594882328761742,2.97441164380871,1.59239215124398
"113",0.475263823056594,0.658694888697937,0.960299337981269,0.912927271565422,0.597001797519624,1,3.24391480302212,0.487631911528297,2.43815955764148,1.31738977739587
"114",0.230332511942834,0.906841551885009,0.186229231068864,0.487416798947379,0.90435899165459,0,3.1432241368487,0.365166255971417,1.82583127985708,1.81368310377002
"115",0.439726956887171,0.675336285494268,0.621720276307315,0.865051191765815,0.511649600462988,1,4.57001056220283,0.469863478443585,2.34931739221793,1.35067257098854
"116",0.746121870353818,0.435298749478534,0.58256883895956,0.0325999525375664,0.0278720878995955,1,5.40863750770603,0.623060935176909,3.11530467588454,0.870597498957068
"117",0.417456684168428,0.627369625493884,0.0326016959734261,0.66307717631571,0.0194185248110443,1,3.00288902296799,0.458728342084214,2.29364171042107,1.25473925098777
"118",0.597251284867525,0.203394825104624,0.490762234199792,0.421284244861454,0.00847242097370327,1,3.28403151207916,0.548625642433763,2.74312821216881,0.406789650209248
"119",0.52201304375194,0.721785846864805,0.757620103890076,0.59128654981032,0.0574914505705237,0,1.88217767845673,0.51100652187597,2.55503260937985,1.44357169372961
"120",0.939093937166035,0.544876001542434,0.268084212904796,0.239764674799517,0.205532046500593,1,4.44785421784296,0.719546968583018,3.59773484291509,1.08975200308487
"121",0.305470818886533,0.324598873499781,0.846153811784461,0.118547956924886,0.457450245739892,0,3.47282044662653,0.402735409443267,2.01367704721633,0.649197746999562
"122",0.623043610248715,0.242658956209198,0.666737768333405,0.400094716344029,0.636496405815706,1,3.87497305492168,0.561521805124357,2.80760902562179,0.485317912418395
"123",0.438722926657647,0.187257857527584,0.00995921134017408,0.401364153949544,0.962759978370741,1,1.40516840181922,0.469361463328823,2.34680731664412,0.374515715055168
"124",0.622494318289682,0.458885532803833,0.410064886789769,0.0704301008954644,0.978406162699685,0,4.20783945993324,0.561247159144841,2.80623579572421,0.917771065607667
"125",0.310267373919487,0.516168043017387,0.576552684884518,0.400036979466677,0.107476169476286,1,2.20066618310337,0.405133686959743,2.02566843479872,1.03233608603477
"126",0.520515858661383,0.538478190312162,0.877923973137513,0.439197396626696,0.648736407281831,0,2.38332348952991,0.510257929330692,2.55128964665346,1.07695638062432
"127",0.658963738242164,0.51582843856886,0.29930421942845,0.745672735851258,0.101864844793454,1,4.25676649612445,0.579481869121082,2.89740934560541,1.03165687713772
"128",0.099581194575876,0.040486732730642,0.720183429075405,0.332570919999853,0.659185790922493,1,2.04954873115949,0.299790597287938,1.49895298643969,0.0809734654612839
"129",0.376053156564012,0.127079090801999,0.726467716041952,0.171212841989473,0.926661991281435,0,0.831054928169782,0.438026578282006,2.19013289141003,0.254158181603998
"130",0.790008327690884,0.000751435989513993,0.884414931060746,0.934193012770265,0.564011790091172,1,2.3519372663461,0.645004163845442,3.22502081922721,0.00150287197902799
"131",0.307936264201999,0.508576810592785,0.396906472742558,0.840467222267762,0.598160045454279,0,1.32901385295705,0.403968132100999,2.019840660505,1.01715362118557
"132",0.692173462128267,0.545632677618414,0.728215222479776,0.405771655263379,0.18723646341823,1,5.2124146699278,0.596086731064133,2.98043365532067,1.09126535523683
"133",0.712953856913373,0.521046344656497,0.730191623326391,0.138509339885786,0.265210269251838,0,0.841063441114205,0.606476928456686,3.03238464228343,1.04209268931299
"134",0.699041162850335,0.892226030584425,0.501042326679453,0.60427852277644,0.46372310584411,1,5.1812841883217,0.599520581425168,2.99760290712584,1.78445206116885
"135",0.2186747523956,0.961397552397102,0.649845123756677,0.193498300388455,0.785712855868042,0,2.03161355044612,0.3593373761978,1.796686880989,1.9227951047942
"136",0.501552035566419,0.227743241004646,0.665020882850513,0.279804958263412,0.0713538755662739,1,2.53923683808075,0.50077601778321,2.50388008891605,0.455486482009292
"137",0.854210360441357,0.681093055289239,0.222397402161732,0.788698554271832,0.971701272530481,0,2.98304946591475,0.677105180220678,3.38552590110339,1.36218611057848
"138",0.672773509053513,0.812753765843809,0.686746900901198,0.366263823118061,0.504698199918494,1,3.66691726134848,0.586386754526757,2.93193377263378,1.62550753168762
"139",0.743323472561315,0.442403266206384,0.110904138302431,0.631345651345327,0.33049505809322,1,5.63014989568708,0.621661736280657,3.10830868140329,0.884806532412767
"140",0.188741889316589,0.064233420882374,0.206428786739707,0.474080571439117,0.597052786499262,1,1.40559951832007,0.344370944658294,1.72185472329147,0.128466841764748
"141",0.0292092990130186,0.677552626701072,0.0427208980545402,0.605810367036611,0.0179853080771863,0,1.06581719645897,0.264604649506509,1.32302324753255,1.35510525340214
"142",0.465022845892236,0.582529813982546,0.610411605797708,0.567373978439718,0.411026377929375,0,1.30746988787096,0.482511422946118,2.41255711473059,1.16505962796509
"143",0.807470435276628,0.633263534400612,0.643921916605905,0.471818705555052,0.473575569922104,0,2.237339298975,0.653735217638314,3.26867608819157,1.26652706880122
"144",0.70348341902718,0.824018594576046,0.187002800637856,0.713891554623842,0.526028724154457,0,2.17679679785302,0.60174170951359,3.00870854756795,1.64803718915209
"145",0.0495151439681649,0.725415229331702,0.796341405948624,0.0339837442152202,0.835402830503881,1,4.42770539124731,0.274757571984082,1.37378785992041,1.4508304586634
"146",0.10574166290462,0.939791619312018,0.775692300638184,0.67966251494363,0.864653829252347,1,3.10554303150491,0.30287083145231,1.51435415726155,1.87958323862404
"147",0.654423663858324,0.260914867045358,0.0853664763271809,0.70940856426023,0.818733758525923,1,3.16900498018324,0.577211831929162,2.88605915964581,0.521829734090716
"148",0.481545847374946,0.851994710275903,0.0753860149998218,0.871537799481302,0.337717589689419,0,3.17881664141138,0.490772923687473,2.45386461843736,1.70398942055181
"149",0.671318091452122,0.718964412109926,0.39994034753181,0.13319063722156,0.441628958797082,1,4.19114387907556,0.585659045726061,2.9282952286303,1.43792882421985
"150",0.809874882455915,0.869444736978039,0.263219700893387,0.121338590979576,0.448792204493657,1,6.08376940426249,0.654937441227958,3.27468720613979,1.73888947395608
"151",0.265255505219102,0.314305161591619,0.16748933121562,0.10393415321596,0.183610826265067,1,4.2350366614855,0.382627752609551,1.91313876304775,0.628610323183239
"152",0.0967010450549424,0.188714685384184,0.999576674774289,0.314230335643515,0.291321114869788,0,0.806814299269348,0.298350522527471,1.49175261263736,0.377429370768368
"153",0.991646941518411,0.071908668614924,0.503408775432035,0.981060137972236,0.623927378794178,0,4.46065424166301,0.745823470759206,3.72911735379603,0.143817337229848
"154",0.647126292577013,0.963690158212557,0.470276626758277,0.690100737148896,0.4423496380914,0,3.73615663218823,0.573563146288507,2.86781573144253,1.92738031642511
"155",0.658537632785738,0.466118028620258,0.540336837992072,0.201212733052671,0.992825543275103,0,2.45952160902915,0.579268816392869,2.89634408196434,0.932236057240516
"156",0.973891945322976,0.000184340635314584,0.450676114764065,0.250097699929029,0.7179535117466,1,3.86667669789675,0.736945972661488,3.68472986330744,0.000368681270629168
"157",0.0276261863764375,0.870035748695955,0.852117601316422,0.138546702219173,0.929937791312113,1,1.56512454646404,0.263813093188219,1.31906546594109,1.74007149739191
"158",0.496930145192891,0.41834717313759,0.293656873516738,0.0683009503409266,0.229301090352237,1,1.70490682735223,0.498465072596446,2.49232536298223,0.836694346275181
"159",0.935192782431841,0.91794587415643,0.73342390335165,0.788075054297224,0.540016333106905,1,5.44909182399779,0.71759639121592,3.5879819560796,1.83589174831286
"160",0.554545528721064,0.573853991460055,0.588894992833957,0.977405225392431,0.0183223506901413,1,3.03767318596765,0.527272764360532,2.63636382180266,1.14770798292011
"161",0.783768880181015,0.762536747381091,0.970665275119245,0.38479223405011,0.699711528141052,1,3.82296632043395,0.641884440090507,3.20942220045254,1.52507349476218
"162",0.134913253132254,0.0229736866895109,0.64459707448259,0.299393261317164,0.222741686971858,1,1.30895016072476,0.317456626566127,1.58728313283063,0.0459473733790219
"163",0.36150557314977,0.789132654201239,0.359424934955314,0.714775217464194,0.0265906252898276,0,1.41463689203363,0.430752786574885,2.15376393287443,1.57826530840248
"164",0.00602929433807731,0.306846134830266,0.0250136735849082,0.272113797487691,0.4396940569859,0,-0.989219154095519,0.253014647169039,1.26507323584519,0.613692269660532
"165",0.566296270349994,0.237716544652358,0.396275217179209,0.469505100743845,0.239112389273942,1,4.52608180764507,0.533148135174997,2.66574067587499,0.475433089304715
"166",0.811525397235528,0.316212991718203,0.251360583817586,0.20655264495872,0.19819292309694,0,2.93059020451298,0.655762698617764,3.27881349308882,0.632425983436406
"167",0.642787445569411,0.43360349512659,0.56435379339382,0.465315884677693,0.316745701013133,0,0.936498719926776,0.571393722784705,2.85696861392353,0.86720699025318
"168",0.329113852698356,0.168974238913506,0.247654016828164,0.671078298473731,0.602021993370727,1,1.08814766570857,0.414556926349178,2.07278463174589,0.337948477827013
"169",0.215506052831188,0.93850050214678,0.954076265683398,0.295870862202719,0.86555420816876,0,2.6543606900318,0.357753026415594,1.78876513207797,1.87700100429356
"170",0.106368665583432,0.0227690043393523,0.126814461546019,0.335573328426108,0.379564404254779,0,-0.0918788461549511,0.303184332791716,1.51592166395858,0.0455380086787045
"171",0.780151716200635,0.327471402939409,0.0326189920306206,0.0362742017023265,0.0686843525618315,1,3.89456911570653,0.640075858100317,3.20037929050159,0.654942805878818
"172",0.255447041708976,0.758484110468999,0.153401625575498,0.823814863339067,0.626849590335041,0,1.60286684066871,0.377723520854488,1.88861760427244,1.516968220938
"173",0.784064061706886,0.00725773838348687,0.130830202950165,0.991556758061051,0.347498998744413,1,3.18986063434325,0.642032030853443,3.21016015426721,0.0145154767669737
"174",0.488066531019285,0.904814679641277,0.938366169575602,0.389007010264322,0.578476107446477,1,3.56060565990557,0.494033265509643,2.47016632754821,1.80962935928255
"175",0.391404270427302,0.930538458749652,0.40497282659635,0.737034448189661,0.761331438785419,1,2.36619826104999,0.445702135213651,2.22851067606825,1.8610769174993
"176",0.585885215085,0.413349227281287,0.615364446304739,0.737390036229044,0.793830956332386,0,2.87723757979901,0.5429426075425,2.7147130377125,0.826698454562575
"177",0.706269636517391,0.0460679633542895,0.93789595994167,0.813132435781881,0.262739493278787,1,2.74435706640888,0.603134818258695,3.01567409129348,0.0921359267085791
"178",0.529702278552577,0.121471462305635,0.311007095035166,0.427614264190197,0.183543692342937,0,1.01209027891133,0.514851139276288,2.57425569638144,0.24294292461127
"179",0.829805185087025,0.650238788453862,0.10513967089355,0.571013604290783,0.581796962535009,1,4.58335728821142,0.664902592543513,3.32451296271756,1.30047757690772
"180",0.36897468008101,0.00822978303767741,0.161908895708621,0.819052792852744,0.8462382433936,0,1.99962820191286,0.434487340040505,2.17243670020252,0.0164595660753548
"181",0.123500665649772,0.852398673770949,0.479186387499794,0.0105414546560496,0.668587881838903,0,2.49754905415953,0.311750332824886,1.55875166412443,1.7047973475419
"182",0.0867682541720569,0.582404370885342,0.38295440422371,0.194637269247323,0.931281024822965,0,2.49905541074758,0.293384127086028,1.46692063543014,1.16480874177068
"183",0.367929507046938,0.915356322657317,0.177742177154869,0.241532374871895,0.994698132853955,0,1.72161527895557,0.433964753523469,2.16982376761734,1.83071264531463
"184",0.644673308124766,0.150270025013015,0.785994582111016,0.265613209689036,0.918632334563881,1,3.83612713305638,0.572336654062383,2.86168327031191,0.300540050026029
"185",0.455503686564043,0.396266285097227,0.139157029101625,0.299634513212368,0.747258668066934,1,3.41439312814389,0.477751843282022,2.38875921641011,0.792532570194453
"186",0.684094124240801,0.984747910639271,0.643748781643808,0.663593224482611,0.848809125833213,1,5.1517072263118,0.5920470621204,2.960235310602,1.96949582127854
"187",0.56436142954044,0.0544851438608021,0.984900272684172,0.940265541197732,0.140160881215706,0,2.59656711586673,0.53218071477022,2.6609035738511,0.108970287721604
"188",0.859204118838534,0.0375711808446795,0.621205840492621,0.463216342031956,0.132147062337026,1,5.13509422497543,0.679602059419267,3.39801029709633,0.075142361689359
"189",0.202668343437836,0.954008166445419,0.87561972416006,0.345804152078927,0.655373649671674,1,3.40940353309353,0.351334171718918,1.75667085859459,1.90801633289084
"190",0.347735029645264,0.662324475357309,0.0695883366279304,0.225698770722374,0.550295863533393,0,1.54046283697909,0.423867514822632,2.11933757411316,1.32464895071462
"191",0.256549048470333,0.222417901037261,0.893534128088504,0.244754296028987,0.0443828273564577,1,0.999583960871957,0.378274524235167,1.89137262117583,0.444835802074522
"192",0.0717486126814038,0.841635887743905,0.446846724720672,0.255302677396685,0.833212915807962,0,2.198650177281,0.285874306340702,1.42937153170351,1.68327177548781
"193",0.293647286714986,0.613589271204546,0.328240524744615,0.079192130593583,0.721755997510627,0,1.34561059904555,0.396823643357493,1.98411821678746,1.22717854240909
"194",0.0333801929373294,0.35055564600043,0.113440742250532,0.207863681716844,0.442360987653956,0,1.43115087902708,0.266690096468665,1.33345048234332,0.70111129200086
"195",0.243688837625086,0.127426589140669,0.640987044898793,0.634798507904634,0.284261176362634,0,3.25206132223075,0.371844418812543,1.85922209406272,0.254853178281337
"196",0.364829422906041,0.993781767087057,0.282491856021807,0.19265150395222,0.507287984248251,0,3.87478713656026,0.432414711453021,2.1620735572651,1.98756353417411
"197",0.193438455928117,0.966401144862175,0.195011527277529,0.720169306499884,0.0156946356873959,0,2.37800312623124,0.346719227964059,1.73359613982029,1.93280228972435
"198",0.49631273583509,0.631671455921605,0.829156880034134,0.455276112770662,0.678663744358346,1,3.94085149638902,0.498156367917545,2.49078183958773,1.26334291184321
"199",0.716849299380556,0.0551879548002034,0.186216585803777,0.251712226076052,0.291039473144338,1,1.80770147871363,0.608424649690278,3.04212324845139,0.110375909600407
"200",0.00661153648979962,0.324752563843504,0.200685812393203,0.45740497065708,0.862083721673116,0,2.1847958900964,0.2533057682449,1.2665288412245,0.649505127687007
"201",0.844975549960509,0.715800756355748,0.0514899010304362,0.103010763181373,0.379075210774317,1,6.36763698145226,0.672487774980254,3.36243887490127,1.4316015127115
"202",0.859683581860736,0.317509735934436,0.589362838538364,0.300851496402174,0.113921095617115,0,1.46337383698206,0.679841790930368,3.39920895465184,0.635019471868873
"203",0.372942184098065,0.0401481359731406,0.487319720908999,0.48998681618832,0.271050891606137,1,1.82731731682061,0.436471092049032,2.18235546024516,0.0802962719462812
"204",0.353421227773651,0.866348081966862,0.893130546901375,0.340811176458374,0.158576084068045,1,3.89051652719695,0.426710613886826,2.13355306943413,1.73269616393372
"205",0.501711366465315,0.825162346940488,0.601497975178063,0.0528030588757247,0.521185282152146,0,2.02304133880578,0.500855683232658,2.50427841616329,1.65032469388098
"206",0.118520232150331,0.597823385847732,0.868955434532836,0.299568902468309,0.107778452569619,1,3.62087784053605,0.309260116075166,1.54630058037583,1.19564677169546
"207",0.152716923272237,0.15770937060006,0.138078585267067,0.140635871328413,0.730646623531356,0,2.00097395012164,0.326358461636119,1.63179230818059,0.315418741200119
"208",0.593823273433372,0.360282435780391,0.403273259289563,0.0463055188301951,0.216241207672283,1,2.01730501618557,0.546911636716686,2.73455818358343,0.720564871560782
"209",0.215477712918073,0.700193152064458,0.0283284627366811,0.961403698194772,0.0383918408770114,0,2.31315755718335,0.357738856459036,1.78869428229518,1.40038630412892
"210",0.419221326708794,0.415001668035984,0.444289822364226,0.943839401006699,0.625845317030326,1,3.41157829238888,0.459610663354397,2.29805331677198,0.830003336071968
"211",0.812279747333378,0.419616755098104,0.866897377651185,0.500528199365363,0.132363297045231,1,3.96701220414447,0.656139873666689,3.28069936833344,0.839233510196209
"212",0.0776596928481013,0.252922466723248,0.665432308567688,0.913602635730058,0.59272701269947,1,1.19573237585457,0.288829846424051,1.44414923212025,0.505844933446497
"213",0.490833886899054,0.849396094447002,0.816791090648621,0.0809291007462889,0.0232072386424989,1,4.42577319815713,0.495416943449527,2.47708471724764,1.698792188894
"214",0.0182596414815634,0.467668306082487,0.711652861675248,0.786564751295373,0.68106995546259,0,1.62227758907436,0.259129820740782,1.29564910370391,0.935336612164974
"215",0.554898213129491,0.852098749252036,0.126766679342836,0.952034344198182,0.0503347208723426,0,2.31130462738936,0.527449106564745,2.63724553282373,1.70419749850407
"216",0.478946515591815,0.499937498709187,0.408050276339054,0.9323536362499,0.468160020885989,1,2.79396598089298,0.489473257795908,2.44736628897954,0.999874997418374
"217",0.482255847193301,0.00617958349175751,0.990038965828717,0.959229180356488,0.363983072107658,1,1.13952228061602,0.49112792359665,2.45563961798325,0.012359166983515
"218",0.512685123365372,0.0295330374501646,0.543278471333906,0.754709907574579,0.991484293248504,1,1.59118386041305,0.506342561682686,2.53171280841343,0.0590660749003291
"219",0.462509380187839,0.0324917121324688,0.624715344747528,0.750649101100862,0.376096315216273,0,3.34579760238142,0.48125469009392,2.4062734504696,0.0649834242649376
"220",0.987880068831146,0.379255632171407,0.285788895795122,0.485703551908955,0.432585179805756,0,4.43818520903343,0.743940034415573,3.71970017207786,0.758511264342815
"221",0.214160243049264,0.329115618253127,0.504366622539237,0.65988288144581,0.199497792404145,1,0.203838527522776,0.357080121524632,1.78540060762316,0.658231236506253
"222",0.746308331610635,0.596069960854948,0.527210886357352,0.466186086414382,0.935972676379606,1,4.04258897074434,0.623154165805317,3.11577082902659,1.1921399217099
"223",0.31107401358895,0.819865695433691,0.0905583105050027,0.166492745978758,0.455921357497573,0,2.81257707224402,0.405537006794475,2.02768503397238,1.63973139086738
"224",0.739556998945773,0.876249922439456,0.704864867730066,0.302606936777011,0.0468714060261846,0,3.84013659927521,0.619778499472886,3.09889249736443,1.75249984487891
"225",0.189805066445842,0.614447803702205,0.394092865288258,0.0562345059588552,0.599678186699748,0,3.12918059066066,0.344902533222921,1.72451266611461,1.22889560740441
"226",0.941304530017078,0.313778766198084,0.586461635306478,0.635828146478161,0.12124320003204,0,2.25135762192973,0.720652265008539,3.6032613250427,0.627557532396168
"227",0.0263099120929837,0.198502558749169,0.052116225939244,0.382384882308543,0.11507048853673,0,1.50857396284642,0.263154956046492,1.31577478023246,0.397005117498338
"228",0.0146154365502298,0.293404276482761,0.50820388761349,0.948682137299329,0.541391748003662,0,1.28071766305605,0.257307718275115,1.28653859137557,0.586808552965522
"229",0.189229860436171,0.882332526147366,0.873069456778467,0.559144090395421,0.00594395026564598,0,2.40083919317102,0.344614930218086,1.72307465109043,1.76466505229473
"230",0.787037657108158,0.58083647605963,0.463562147924677,0.93920686817728,0.658235421869904,1,3.08284655269244,0.643518828554079,3.21759414277039,1.16167295211926
"231",0.086882745847106,0.343605445232242,0.557642031461,0.0551553117111325,0.588104769587517,1,0.608119650800754,0.293441372923553,1.46720686461776,0.687210890464485
"232",0.759177450556308,0.104733863845468,0.128557902760804,0.567941050510854,0.151214693207294,1,5.33362428593514,0.629588725278154,3.14794362639077,0.209467727690935
"233",0.324322514701635,0.337405441096053,0.0136342023033649,0.111083955736831,0.453037511091679,1,3.09797523848012,0.412161257350817,2.06080628675409,0.674810882192105
"234",0.394923163112253,0.706962682772428,0.161309825023636,0.264979169238359,0.61508109793067,0,4.30454836093051,0.447461581556126,2.23730790778063,1.41392536554486
"235",0.36323033971712,0.0105881567578763,0.965249924454838,0.921398014063016,0.589083421509713,0,1.90412503398124,0.43161516985856,2.1580758492928,0.0211763135157526
"236",0.624239242402837,0.225250670220703,0.340045230928808,0.804942113114521,0.0588489272631705,0,3.97643737303245,0.562119621201418,2.81059810600709,0.450501340441406
"237",0.569230799330398,0.513691831147298,0.931421081535518,0.395760229090229,0.200507738860324,1,3.09570022482138,0.534615399665199,2.673076998326,1.0273836622946
"238",0.597086020279676,0.718507580459118,0.868196386378258,0.674425965873525,0.356104533653706,0,0.684627292661137,0.548543010139838,2.74271505069919,1.43701516091824
"239",0.733016249258071,0.0486556487157941,0.875324686057866,0.189824450528249,0.988588615553454,1,4.85895167175622,0.616508124629036,3.08254062314518,0.0973112974315882
"240",0.075665297685191,0.963334339438006,0.951136669376865,0.828826125012711,0.129892522701994,0,-0.27958849296122,0.287832648842596,1.43916324421298,1.92666867887601
"241",0.529431781498715,0.5311802146025,0.910464299377054,0.310893309069797,0.944604890421033,1,2.35042688405269,0.514715890749358,2.57357945374679,1.062360429205
"242",0.338821816956624,0.553101931931451,0.214154068380594,0.98830969305709,0.43814529874362,0,1.62211862129051,0.419410908478312,2.09705454239156,1.1062038638629
"243",0.276062093442306,0.387544821947813,0.301663376856595,0.651766657130793,0.060659053735435,0,2.27277593463157,0.388031046721153,1.94015523360576,0.775089643895626
"244",0.325458481675014,0.30079622939229,0.229717388516292,0.79986328817904,0.282266519730911,0,0.704892767463901,0.412729240837507,2.06364620418753,0.60159245878458
"245",0.871001158840954,0.0193951886612922,0.517692984780297,0.809827270219103,0.856207844102755,1,3.80769131026086,0.685500579420477,3.42750289710239,0.0387903773225844
"246",0.392830119701102,0.754953968571499,0.482527390588075,0.620786821004003,0.811934733996168,0,1.94494541997455,0.446415059850551,2.23207529925276,1.509907937143
"247",0.95741911418736,0.133528773207217,0.349950786214322,0.17801677598618,0.691791765158996,0,4.33424401394036,0.72870955709368,3.6435477854684,0.267057546414435
"248",0.410348960896954,0.549300527432933,0.980876455549151,0.833037794567645,0.891568440245464,0,2.30887344236106,0.455174480448477,2.27587240224238,1.09860105486587
"249",0.760101064573973,0.704180801054463,0.985724013997242,0.545249464223161,0.123523845104501,0,2.49788587143443,0.630050532286987,3.15025266143493,1.40836160210893
"250",0.486477481899783,0.374626002972946,0.423099004663527,0.414769713766873,0.944259925745428,1,2.34085172271083,0.493238740949892,2.46619370474946,0.749252005945891
"251",0.351493755588308,0.538098658435047,0.433580030919984,0.278074508532882,0.872381126275286,1,3.87338449006919,0.425746877794154,2.12873438897077,1.07619731687009
"252",0.109493995783851,0.224940932355821,0.113150466931984,0.763598107965663,0.621395665453747,0,1.49557418695592,0.304746997891925,1.52373498945963,0.449881864711642
"253",0.3730239556171,0.340662635164335,0.141621609218419,0.951164317550138,0.383149264380336,1,2.20603397461372,0.43651197780855,2.18255988904275,0.681325270328671
"254",0.452499700943008,0.740588138345629,0.444689678726718,0.00189675460569561,0.471600687364116,0,0.692575477849906,0.476249850471504,2.38124925235752,1.48117627669126
"255",0.823467310750857,0.566067726584151,0.956112638115883,0.767248072428629,0.829074954381213,0,3.58457588149535,0.661733655375428,3.30866827687714,1.1321354531683
"256",0.948127230163664,0.910934465471655,0.676162453601137,0.111392146674916,0.763358386233449,1,5.76700334724904,0.724063615081832,3.62031807540916,1.82186893094331
"257",0.898094551637769,0.296239975141361,0.161402475554496,0.378706418210641,0.511602406157181,1,2.76294993507084,0.699047275818884,3.49523637909442,0.592479950282723
"258",0.368936045793816,0.305359087651595,0.587753911036998,0.297822674270719,0.995319178327918,1,1.2551824179786,0.434468022896908,2.17234011448454,0.610718175303191
"259",0.268009529449046,0.594949606107548,0.319670230383053,0.856282018590719,0.406317938352004,0,2.97124430768803,0.384004764724523,1.92002382362261,1.1898992122151
"260",0.261087587336078,0.0951725540217012,0.204552485141903,0.221402652561665,0.394831064622849,0,2.58507137707182,0.380543793668039,1.9027189683402,0.190345108043402
"261",0.190022909548134,0.704959682421759,0.65585383051075,0.923131216550246,0.148159250151366,0,0.704634887436403,0.345011454774067,1.72505727387033,1.40991936484352
"262",0.924904064508155,0.123348370194435,0.588322657858953,0.0635555936023593,0.0956910985987633,0,2.23482633124167,0.712452032254077,3.56226016127039,0.24669674038887
"263",0.0564787206239998,0.721811338327825,0.936775134410709,0.688304646173492,0.947555576218292,0,1.47548708462664,0.278239360312,1.39119680156,1.44362267665565
"264",0.106722365133464,0.640566900838166,0.0919482670724392,0.22046137182042,0.531263650627807,1,2.0667248884333,0.303361182566732,1.51680591283366,1.28113380167633
"265",0.408913102932274,0.247944701928645,0.535199107369408,0.213078552158549,0.464240300934762,1,0.867248633247196,0.454456551466137,2.27228275733069,0.495889403857291
"266",0.925110758049414,0.236846597166732,0.487392245791852,0.464093240676448,0.125206974335015,1,3.44856770082517,0.712555379024707,3.56277689512353,0.473693194333464
"267",0.635236542439088,0.649732469581068,0.402016807347536,0.0674792937934399,0.89775776444003,1,4.06755574534525,0.567618271219544,2.83809135609772,1.29946493916214
"268",0.0695493074599653,0.335561345797032,0.767971044871956,0.994576431112364,0.452183039858937,0,1.0414425742211,0.284774653729983,1.42387326864991,0.671122691594064
"269",0.648262935923412,0.57017346797511,0.648959612008184,0.541384588228539,0.54846475366503,0,2.85610859595095,0.574131467961706,2.87065733980853,1.14034693595022
"270",0.0589249115437269,0.610564203001559,0.176323815248907,0.434075027005747,0.0546586620621383,0,1.19939621274209,0.279462455771863,1.39731227885932,1.22112840600312
"271",0.825777109479532,0.891223011305556,0.289195551071316,0.255158288171515,0.665580606786534,0,2.47933878557716,0.662888554739766,3.31444277369883,1.78244602261111
"272",0.132583983242512,0.870026569580659,0.437514937482774,0.242626150837168,0.556064701406285,0,1.75406957671561,0.316291991621256,1.58145995810628,1.74005313916132
"273",0.38965437351726,0.400042087072507,0.209368964890018,0.326957597397268,0.418913237052038,1,3.40962737923576,0.44482718675863,2.22413593379315,0.800084174145013
"274",0.218969390494749,0.0385590018704534,0.119771586963907,0.132476766826585,0.203369399765506,0,0.973422797649871,0.359484695247374,1.79742347623687,0.0771180037409067
"275",0.872149807633832,0.822126860497519,0.621915143216029,0.400574694853276,0.748188690282404,1,5.6348828556973,0.686074903816916,3.43037451908458,1.64425372099504
"276",0.363278946606442,0.422489224467427,0.168398414505646,0.136178939137608,0.105935669038445,1,1.56983678476575,0.431639473303221,2.15819736651611,0.844978448934853
"277",0.620111592812464,0.700211576884612,0.42012314661406,0.505400677211583,0.33502555009909,1,4.89057612697073,0.560055796406232,2.80027898203116,1.40042315376922
"278",0.898005899274722,0.296134324278682,0.84202092140913,0.790610422613099,0.129125235369429,1,4.97161462706902,0.699002949637361,3.4950147481868,0.592268648557365
"279",0.309739506337792,0.66212184377946,0.569030838087201,0.0202426754403859,0.794490694301203,0,2.09470966008239,0.404869753168896,2.02434876584448,1.32424368755892
"280",0.370414954144508,0.217444413341582,0.716959204757586,0.935429799836129,0.272985142888501,0,2.02678046521679,0.435207477072254,2.17603738536127,0.434888826683164
"281",0.140005044173449,0.389923511072993,0.392066424712539,0.756818642141297,0.960151938488707,1,2.8060332104109,0.320002522086725,1.60001261043362,0.779847022145987
"282",0.8142634939868,0.731907522538677,0.445355031639338,0.39207979477942,0.682936287252232,0,2.48217621049914,0.6571317469934,3.285658734967,1.46381504507735
"283",0.792959588812664,0.69254313246347,0.524039031472057,0.753729081247002,0.436437703901902,1,3.85590455901184,0.646479794406332,3.23239897203166,1.38508626492694
"284",0.538137005874887,0.463524064747617,0.00603748275898397,0.103417596779764,0.749232744565234,0,1.51073227757939,0.519068502937444,2.59534251468722,0.927048129495233
"285",0.317607842152938,0.83831524127163,0.156032017199323,0.507441331166774,0.0659313322976232,1,2.94641223336082,0.408803921076469,2.04401960538235,1.67663048254326
"286",0.0341264777816832,0.909567009424791,0.639156299876049,0.724056713515893,0.644752479856834,0,2.09850265305288,0.267063238890842,1.33531619445421,1.81913401884958
"287",0.183510256931186,0.0904462898615748,0.271993047557771,0.0609235551673919,0.583056262228638,1,3.25292567385938,0.341755128465593,1.70877564232796,0.18089257972315
"288",0.273949036141858,0.97574642742984,0.774723914917558,0.726615201449022,0.259558120276779,0,2.09047234027613,0.386974518070929,1.93487259035464,1.95149285485968
"289",0.503365583252162,0.491734533337876,0.146552261896431,0.324912984855473,0.522904684068635,0,2.70205442600172,0.501682791626081,2.5084139581304,0.983469066675752
"290",0.346677529159933,0.868539436720312,0.156844059936702,0.141181799815968,0.992422364884987,1,3.97577087409716,0.423338764579967,2.11669382289983,1.73707887344062
"291",0.467471071984619,0.0253020881209522,0.861723942682147,0.0145600428804755,0.197322830790654,0,2.26192388620713,0.483735535992309,2.41867767996155,0.0506041762419045
"292",0.637742751976475,0.0765116044785827,0.527809944702312,0.257956460816786,0.946157818427309,1,1.44157786519383,0.568871375988238,2.84435687994119,0.153023208957165
"293",0.494757990119979,0.460577421821654,0.00260803801938891,0.337440443923697,0.351221229648218,1,3.64276042832269,0.497378995059989,2.48689497529995,0.921154843643308
"294",0.664948316523805,0.560546089196578,0.745584897231311,0.00882079801522195,0.188786049606279,1,2.57325346133995,0.582474158261903,2.91237079130951,1.12109217839316
"295",0.884877462871373,0.546738510485739,0.735270722070709,0.901947581907734,0.428028715075925,1,3.66144981969719,0.692438731435686,3.46219365717843,1.09347702097148
"296",0.664923764532432,0.499414290534332,0.475090018007904,0.879384011263028,0.697275578742847,1,3.78820421912573,0.582461882266216,2.91230941133108,0.998828581068665
"297",0.0901164864189923,0.143747781636193,0.0471104665193707,0.921527655096725,0.0431699361652136,0,-1.85305646253067,0.295058243209496,1.47529121604748,0.287495563272387
"298",0.385937207611278,0.453368100803345,0.607146325754002,0.738542480394244,0.643105254974216,1,4.24310903969261,0.442968603805639,2.21484301902819,0.906736201606691
"299",0.906770459609106,0.512290110811591,0.929828500142321,0.419689873466268,0.0565571228507906,0,5.34530746682571,0.703385229804553,3.51692614902277,1.02458022162318
"300",0.686400071252137,0.174652468413115,0.476278741145507,0.991787869017571,0.703875357983634,1,2.01065750920368,0.593200035626069,2.96600017813034,0.349304936826229
"301",0.724369781091809,0.126509190769866,0.46450910391286,0.748889055335894,0.718973113456741,0,4.11415097080718,0.612184890545905,3.06092445272952,0.253018381539732
"302",0.830447851680219,0.523238451918587,0.758490433217958,0.793240647064522,0.0582273004110903,1,5.25321867431554,0.66522392584011,3.32611962920055,1.04647690383717
"303",0.443749482743442,0.461065361043438,0.721672928659245,0.0396454886067659,0.16316518955864,1,3.59080071325618,0.471874741371721,2.3593737068586,0.922130722086877
"304",0.896117859520018,0.522640142124146,0.274372623302042,0.180502534145489,0.61907735443674,1,4.18313237584518,0.698058929760009,3.49029464880005,1.04528028424829
"305",0.58344366075471,0.454821463441476,0.848484715912491,0.0983580742031336,0.634392408188432,0,3.71338027318621,0.541721830377355,2.70860915188678,0.909642926882952
"306",0.266716367099434,0.418841228121892,0.394158132839948,0.776735053630546,0.747497217496857,0,0.419152240384889,0.383358183549717,1.91679091774859,0.837682456243783
"307",0.698822553269565,0.113416383042932,0.899259232450277,0.97860089992173,0.389605757314712,1,3.46098319933446,0.599411276634783,2.99705638317391,0.226832766085863
"308",0.774656780296937,0.759638445451856,0.302627109689638,0.72781277820468,0.358655776362866,1,5.66863911642948,0.637328390148468,3.18664195074234,1.51927689090371
"309",0.668685485376045,0.0113638828042895,0.550633627222851,0.196751944953576,0.509023578371853,1,2.88051182470485,0.584342742688023,2.92171371344011,0.0227277656085789
"310",0.682774543529376,0.0579526941291988,0.849382069660351,0.733268614625558,0.176795482868329,1,2.87406904008574,0.591387271764688,2.95693635882344,0.115905388258398
"311",0.489246300887316,0.31654568691738,0.345980922691524,0.41162291704677,0.704216975485906,0,3.1184746176884,0.494623150443658,2.47311575221829,0.633091373834759
"312",0.69299300503917,0.781775929033756,0.256898981984705,0.196122542954981,0.126988225849345,1,4.3732091335451,0.596496502519585,2.98248251259793,1.56355185806751
"313",0.0972144769039005,0.0587613631505519,0.88435376714915,0.523736941860989,0.889495726907626,0,1.99219170623223,0.29860723845195,1.49303619225975,0.117522726301104
"314",0.177737721242011,0.230452229036018,0.413129098480567,0.423949014628306,0.130051064770669,0,2.40547562320531,0.338868860621005,1.69434430310503,0.460904458072037
"315",0.251944409683347,0.218779364367947,0.426560059655458,0.394094959134236,0.471812029602006,0,2.34959200528428,0.375972204841673,1.87986102420837,0.437558728735894
"316",0.419841644354165,0.477710290113464,0.775373422075063,0.0795363162178546,0.156480844598264,0,3.41149256268781,0.459920822177082,2.29960411088541,0.955420580226928
"317",0.450590665219352,0.0713708943221718,0.171820111572742,0.952272883616388,0.540591625031084,1,2.50332558404123,0.475295332609676,2.37647666304838,0.142741788644344
"318",0.763945800019428,0.301920231198892,0.92615812830627,0.769965185085312,0.181378757115453,1,5.89345352894715,0.631972900009714,3.15986450004857,0.603840462397784
"319",0.711407892638817,0.996670760447159,0.779598152497783,0.274269348476082,0.429082473507151,1,4.39138974416945,0.605703946319409,3.02851973159704,1.99334152089432
"320",0.0819127273280174,0.383295381208882,0.938733549322933,0.621314225019887,0.263531162170693,1,3.99147024211884,0.290956363664009,1.45478181832004,0.766590762417763
"321",0.840097858570516,0.562121844850481,0.909081311896443,0.261350782820955,0.797950873151422,0,1.83203609251606,0.670048929285258,3.35024464642629,1.12424368970096
"322",0.232273181434721,0.0532747514080256,0.765580544481054,0.0240377818699926,0.505140797700733,0,1.56678499048307,0.36613659071736,1.8306829535868,0.106549502816051
"323",0.629859528737143,0.0526878982782364,0.734508123947307,0.680626795627177,0.287310792133212,1,2.77894549344864,0.564929764368571,2.82464882184286,0.105375796556473
"324",0.93614213494584,0.316511457553133,0.628016963833943,0.0602164240553975,0.118401619838551,1,4.47656359217984,0.71807106747292,3.5903553373646,0.633022915106267
"325",0.500148630701005,0.221908385399729,0.102624936262146,0.759589394321665,0.250086853513494,1,2.06155228186923,0.500074315350503,2.50037157675251,0.443816770799458
"326",0.288622803520411,0.741494103102013,0.554455174831674,0.607127820141613,0.897736412705854,0,1.13401308480866,0.394311401760206,1.97155700880103,1.48298820620403
"327",0.192754649557173,0.253611989086494,0.634103545453399,0.549500168301165,0.508808610262349,0,0.665635246547524,0.346377324778587,1.73188662389293,0.507223978172988
"328",0.806270965375006,0.119185185525566,0.882998529355973,0.796061465051025,0.215555575676262,1,3.65625509878064,0.653135482687503,3.26567741343752,0.238370371051133
"329",0.28228487377055,0.749204892432317,0.407182175898924,0.470439844531938,0.185119573958218,0,2.15999666657916,0.391142436885275,1.95571218442637,1.49840978486463
"330",0.0716467609163374,0.210506253410131,0.0795049490407109,0.183772581629455,0.274035342503339,0,2.58573291569764,0.285823380458169,1.42911690229084,0.421012506820261
"331",0.16617572796531,0.396056741476059,0.397322460543364,0.300987984053791,0.908917566295713,0,2.21259315966334,0.333087863982655,1.66543931991328,0.792113482952118
"332",0.981804998125881,0.717345707118511,0.347419924568385,0.738172616343945,0.825832477072254,1,7.01198723930642,0.74090249906294,3.7045124953147,1.43469141423702
"333",0.689138161484152,0.927473443793133,0.374128735624254,0.500966905849054,0.405957870883867,0,2.63268746560127,0.594569080742076,2.97284540371038,1.85494688758627
"334",0.152759982040152,0.523264113580808,0.704314274946228,0.372596458997577,0.853104249807075,0,2.91610363369822,0.326379991020076,1.63189995510038,1.04652822716162
"335",0.544889710145071,0.795319727156311,0.554023751057684,0.509509893599898,0.716941926628351,0,4.34582560315332,0.522444855072536,2.61222427536268,1.59063945431262
"336",0.887079951819032,0.258958271937445,0.291607431601733,0.190416998928413,0.627713095163926,1,4.17022001417107,0.693539975909516,3.46769987954758,0.51791654387489
"337",0.060817806283012,0.394752656109631,0.532805521739647,0.76287891715765,0.445030210772529,0,0.190716883032258,0.280408903141506,1.40204451570753,0.789505312219262
"338",0.939178811851889,0.438739986857399,0.0235342604573816,0.741214393638074,0.969235713593662,1,4.93803650490513,0.719589405925944,3.59794702962972,0.877479973714799
"339",0.0242045447230339,0.540591485099867,0.234998811967671,0.145424400921911,0.714062364306301,0,2.41242112899505,0.262102272361517,1.31051136180758,1.08118297019973
"340",0.348244154360145,0.107049482874572,0.962625036714599,0.951101044425741,0.303532428806648,1,2.84347387882632,0.424122077180073,2.12061038590036,0.214098965749145
"341",0.343187675345689,0.81290057906881,0.938762988429517,0.257155821658671,0.602810712065548,1,3.83035994510877,0.421593837672845,2.10796918836422,1.62580115813762
"342",0.746834841091186,0.808281375095248,0.227027630899101,0.182566804811358,0.861578490119427,1,4.79650001027578,0.623417420545593,3.11708710272796,1.6165627501905
"343",0.422541493084282,0.867801679531112,0.00383210484869778,0.074286219663918,0.524859937140718,0,3.23947082935244,0.461270746542141,2.3063537327107,1.73560335906222
"344",0.816506033297628,0.813607341377065,0.583546013105661,0.0634555025026202,0.0186918433755636,1,6.80806146161729,0.658253016648814,3.29126508324407,1.62721468275413
"345",0.0745121650397778,0.171500070951879,0.723333870526403,0.724615397164598,0.243344478541985,1,1.13725945406744,0.287256082519889,1.43628041259944,0.343000141903758
"346",0.199169879313558,0.275886067189276,0.955115277087316,0.207138787955046,0.499518068041652,1,1.76045708479884,0.349584939656779,1.7479246982839,0.551772134378552
"347",0.355822892393917,0.233156350674108,0.457463142694905,0.0844323991332203,0.378100276226178,0,2.14368698738061,0.427911446196958,2.13955723098479,0.466312701348215
"348",0.237067881738767,0.595004385802895,0.949112112168223,0.540827797492966,0.68866739445366,1,3.49295698016992,0.368533940869384,1.84266970434692,1.19000877160579
"349",0.836336230160668,0.966103946091607,0.821619460592046,0.0832705048378557,0.117940763942897,1,4.68598643993121,0.668168115080334,3.34084057540167,1.93220789218321
"350",0.102808272466063,0.921675501158461,0.152489958098158,0.855112064862624,0.985061307903379,0,2.68484019410334,0.301404136233032,1.50702068116516,1.84335100231692
"351",0.755954840919003,0.29328831192106,0.919805581215769,0.0864397441036999,0.317092708311975,1,2.70915013171441,0.627977420459501,3.13988710229751,0.58657662384212
"352",0.160184156848118,0.747651313431561,0.525888855569065,0.0728547209873796,0.637013547122478,0,1.79636434107336,0.330092078424059,1.65046039212029,1.49530262686312
"353",0.349601681577042,0.881921857595444,0.374564638361335,0.599137135082856,0.480625978903845,1,2.23586333008665,0.424800840788521,2.1240042039426,1.76384371519089
"354",0.827613385161385,0.119170916033909,0.266235013958067,0.69135605939664,0.325353759108111,1,4.35157165937914,0.663806692580692,3.31903346290346,0.238341832067817
"355",0.40771604841575,0.496801525354385,0.271507070399821,0.923956627957523,0.752182315802202,1,3.87670635268017,0.453858024207875,2.26929012103938,0.993603050708771
"356",0.498358417768031,0.490357330301777,0.546103176428005,0.495787653373554,0.019914515549317,0,2.82641521839113,0.499179208884016,2.49589604442008,0.980714660603553
"357",0.623401243705302,0.789511745562777,0.581669624894857,0.0905086826533079,0.916554441908374,0,2.64830496041419,0.561700621852651,2.80850310926326,1.57902349112555
"358",0.913714656373486,0.686271698912606,0.780048694927245,0.421504226280376,0.509178433800116,1,5.28985503669812,0.706857328186743,3.53428664093371,1.37254339782521
"359",0.410376613261178,0.397907764650881,0.252015264006332,0.869684448931366,0.879794603213668,1,3.76933637436507,0.455188306630589,2.27594153315295,0.795815529301763
"360",0.185450643999502,0.384632607921958,0.203868573065847,0.331297104479745,0.679102699505165,0,1.71458923388557,0.342725321999751,1.71362660999876,0.769265215843916
"361",0.478987265611067,0.941985436948016,0.155996377347037,0.27725469134748,0.342965473188087,0,2.0219551071081,0.489493632805534,2.44746816402767,1.88397087389603
"362",0.994765556883067,0.848915601847693,0.0641771361697465,0.181318796239793,0.250671037472785,1,5.50588984798032,0.747382778441533,3.73691389220767,1.69783120369539
"363",0.527613623999059,0.319533335976303,0.27280557458289,0.771635936805978,0.914601368829608,0,3.19355301176956,0.51380681199953,2.56903405999765,0.639066671952605
"364",0.813534930814058,0.374432943761349,0.723026721272618,0.123765025520697,0.816101632546633,1,5.64107080345262,0.656767465407029,3.28383732703514,0.748865887522697
"365",0.445521055720747,0.29893424292095,0.62630870891735,0.923434738302603,0.833012500312179,0,2.03270167513398,0.472760527860373,2.36380263930187,0.5978684858419
"366",0.308063305681571,0.95181461959146,0.318798426305875,0.45227625593543,0.086620221612975,0,2.51819688318312,0.404031652840786,2.02015826420393,1.90362923918292
"367",0.960696579655632,0.890791008947417,0.64337020763196,0.910550882807001,0.303812348283827,1,6.23199336911313,0.730348289827816,3.65174144913908,1.78158201789483
"368",0.744988437741995,0.302088005468249,0.89577810629271,0.794859946705401,0.290876251412556,1,5.48086357771497,0.622494218870997,3.11247109435499,0.604176010936499
"369",0.435765675036237,0.364637922262773,0.225394190521911,0.361059973249212,0.14326752978377,0,3.96886992333342,0.467882837518118,2.33941418759059,0.729275844525546
"370",0.453624689253047,0.506793080596253,0.549989739898592,0.404056747211143,0.991082380991429,1,3.87797359722323,0.476812344626524,2.38406172313262,1.01358616119251
"371",0.481347446795553,0.997616931796074,0.554391229525208,0.581003399798647,0.443178332177922,0,2.87976021663779,0.490673723397776,2.45336861698888,1.99523386359215
"372",0.250732128508389,0.813508553896099,0.279194785514846,0.090103404596448,0.335114595014602,1,4.10006317129348,0.375366064254194,1.87683032127097,1.6270171077922
"373",0.579805130138993,0.295547199668363,0.217650480102748,0.951169870095327,0.956225947244093,0,4.36483317734169,0.539902565069497,2.69951282534748,0.591094399336725
"374",0.0131068630144,0.386577352881432,0.751503254985437,0.568495031446218,0.509182316949591,0,1.35878009012835,0.2565534315072,1.282767157536,0.773154705762863
"375",0.305422936333343,0.832460211357102,0.314796458929777,0.794079198269174,0.671616640174761,0,2.48808005820372,0.402711468166672,2.01355734083336,1.6649204227142
"376",0.546764237806201,0.369427598081529,0.663980525219813,0.589294424746186,0.410097750369459,0,2.76409152393695,0.5233821189031,2.6169105945155,0.738855196163058
"377",0.34212621091865,0.289519926300272,0.206059318035841,0.695345025276765,0.0578529215417802,0,1.80256970884547,0.421063105459325,2.10531552729663,0.579039852600545
"378",0.887426843866706,0.724107706453651,0.399060773430392,0.742590114241466,0.257702455855906,1,4.59333056905039,0.693713421933353,3.46856710966676,1.4482154129073
"379",0.093772424152121,0.486692695179954,0.429776466684416,0.33109065447934,0.0106407515704632,1,1.92812916760661,0.29688621207606,1.4844310603803,0.973385390359908
"380",0.85107774566859,0.264863305492327,0.343903308967128,0.417516451096162,0.593641347484663,0,2.16992557620134,0.675538872834295,3.37769436417148,0.529726610984653
"381",0.19915118557401,0.555107409367338,0.274730365723372,0.784932425711304,0.921320460969582,1,4.95197380592834,0.349575592787005,1.74787796393503,1.11021481873468
"382",0.289430335862562,0.639341033762321,0.601252291817218,0.812847560970113,0.93236178602092,1,3.09042379041733,0.394715167931281,1.9735758396564,1.27868206752464
"383",0.845273486105725,0.977536502294242,0.898115896387026,0.984138829866424,0.183875902323052,0,5.03328206466442,0.672636743052863,3.36318371526431,1.95507300458848
"384",0.717565753264353,0.215957976179197,0.575872369110584,0.268733760807663,0.0653917044401169,1,4.61032170877971,0.608782876632176,3.04391438316088,0.431915952358395
"385",0.0605809707194567,0.0143277728930116,0.32535031856969,0.323542325058952,0.689835964469239,0,1.06356053528032,0.280290485359728,1.40145242679864,0.0286555457860231
"386",0.874825620325282,0.377246722346172,0.371871096082032,0.947127050487325,0.240630289772525,1,4.9622744123357,0.687412810162641,3.43706405081321,0.754493444692343
"387",0.729219028027728,0.219051311491057,0.897906823316589,0.270273395814002,0.859864675207064,0,1.86806295981445,0.614609514013864,3.07304757006932,0.438102622982115
"388",0.627648294670507,0.652774603804573,0.340090859448537,0.876061562215909,0.640210010809824,0,3.19469073424785,0.563824147335254,2.81912073667627,1.30554920760915
"389",0.0833687598351389,0.131522290874273,0.402501470874995,0.767376235453412,0.908695922698826,1,1.20024528123018,0.291684379917569,1.45842189958785,0.263044581748545
"390",0.355501268291846,0.773125174921006,0.685517651261762,0.571858404902741,0.286241183057427,1,4.51309767876011,0.427750634145923,2.13875317072961,1.54625034984201
"391",0.97828074125573,0.888967816485092,0.385814873501658,0.613870896631852,0.177092381753027,1,5.44589569730826,0.739140370627865,3.69570185313933,1.77793563297018
"392",0.854364493628964,0.738269051304087,0.49408323620446,0.568166140466928,0.661701407749206,1,4.6854442622868,0.677182246814482,3.38591123407241,1.47653810260817
"393",0.698853759095073,0.0899494702462107,0.630161663750187,0.0474285981617868,0.75952504039742,1,3.24400765276304,0.599426879547536,2.99713439773768,0.179898940492421
"394",0.937913936097175,0.966137297451496,0.568972200155258,0.288175805471838,0.666164419380948,1,5.67111738808248,0.718956968048587,3.59478484024294,1.93227459490299
"395",0.131509614409879,0.833761053159833,0.783824987942353,0.933868850814179,0.6194203493651,0,1.55903692230549,0.315754807204939,1.5787740360247,1.66752210631967
"396",0.420363581273705,0.71346937562339,0.609338279347867,0.664014242589474,0.12802366935648,0,2.35576988160192,0.460181790636852,2.30090895318426,1.42693875124678
"397",0.567271595355123,0.383280217880383,0.9554269076325,0.642046662280336,0.414018515730277,0,2.20020827840706,0.533635797677562,2.66817898838781,0.766560435760766
"398",0.262964201159775,0.665362820727751,0.935947297140956,0.0654496951028705,0.927399283275008,0,3.14069929000605,0.381482100579888,1.90741050289944,1.3307256414555
"399",0.603927695192397,0.463555741822347,0.646512627135962,0.522785867098719,0.30584816285409,1,2.57422941543009,0.551963847596198,2.75981923798099,0.927111483644694
"400",0.0238984148018062,0.390355822630227,0.777133835479617,0.224293793318793,0.767258124658838,1,5.07008160208456,0.261949207400903,1.30974603700452,0.780711645260453
"401",0.305133467307314,0.371885413769633,0.475356244016439,0.358904974302277,0.952730832155794,0,1.95976999475355,0.402566733653657,2.01283366826829,0.743770827539265
"402",0.884727780241519,0.922875013900921,0.0105199359823018,0.447203677147627,0.663081315113232,0,4.26665168857475,0.69236389012076,3.4618194506038,1.84575002780184
"403",0.530944407917559,0.879748602863401,0.285956058651209,0.528129633748904,0.220056204590946,1,3.28962317179091,0.51547220395878,2.5773610197939,1.7594972057268
"404",0.768347321543843,0.653366389451548,0.62299115373753,0.434201619355008,0.0665831486694515,1,4.97743970724656,0.634173660771921,3.17086830385961,1.3067327789031
"405",0.776812201598659,0.788007727824152,0.219182286411524,0.184446591651067,0.0964720568154007,1,3.23195193375902,0.63840610079933,3.19203050399665,1.5760154556483
"406",0.88276589452289,0.195515688275918,0.255033149616793,0.209268035134301,0.284377056639642,1,5.84063368239351,0.691382947261445,3.45691473630723,0.391031376551837
"407",0.638816637219861,0.517457967624068,0.419560599373654,0.675652051111683,0.439172859769315,1,3.47884045902317,0.569408318609931,2.84704159304965,1.03491593524814
"408",0.622322282055393,0.00413019908592105,0.0311375649180263,0.257214310346171,0.366762712597847,1,2.2517823667873,0.561161141027696,2.80580570513848,0.0082603981718421
"409",0.259304421488196,0.560104247415438,0.477452610852197,0.216964839491993,0.875887291738763,0,2.54654844155775,0.379652210744098,1.89826105372049,1.12020849483088
"410",0.694038467016071,0.665041769389063,0.701919323531911,0.383413557428867,0.254648628877476,1,4.75462079362749,0.597019233508036,2.98509616754018,1.33008353877813
"411",0.919293041108176,0.890598319238052,0.107194651849568,0.474216350819916,0.45169915840961,1,4.61353707533075,0.709646520554088,3.54823260277044,1.7811966384761
"412",0.104071826441213,0.135686289519072,0.679320246446878,0.983042212668806,0.609841512516141,0,3.02689487436904,0.302035913220607,1.51017956610303,0.271372579038143
"413",0.92433203663677,0.983074251096696,0.995721722021699,0.0721408340614289,0.909262270666659,1,6.00965933563069,0.712166018318385,3.56083009159192,1.96614850219339
"414",0.819223106605932,0.149681998416781,0.313704962376505,0.559779848903418,0.749602536205202,1,5.02082079780722,0.659611553302966,3.29805776651483,0.299363996833563
"415",0.648227753816172,0.951318464474753,0.847826080396771,0.582569436402991,0.7170074575115,0,3.32538535488846,0.574113876908086,2.87056938454043,1.9026369289495
"416",0.130558584583923,0.470045302296057,0.196474597323686,0.15706492960453,0.316010644892231,1,3.6774901794005,0.315279292291962,1.57639646145981,0.940090604592115
"417",0.387831066502258,0.634190972428769,0.339062904240564,0.395265705650672,0.800637826090679,0,2.94369865976878,0.443915533251129,2.21957766625565,1.26838194485754
"418",0.439193754689768,0.338188224472106,0.22793770651333,0.575440189568326,0.331178739434108,1,1.22693588690358,0.469596877344884,2.34798438672442,0.676376448944211
"419",0.570312433410436,0.933934109518304,0.643891909392551,0.0984055991284549,0.717927202116698,0,2.89665391034206,0.535156216705218,2.67578108352609,1.86786821903661
"420",0.617960439994931,0.186268304474652,0.329805339686573,0.918298111530021,0.606353102717549,0,4.55226120030014,0.558980219997466,2.79490109998733,0.372536608949304
"421",0.020638934103772,0.00769886304624379,0.491266620578244,0.560472899582237,0.35248809796758,1,2.58848696853987,0.260319467051886,1.30159733525943,0.0153977260924876
"422",0.696710754418746,0.689552928088233,0.901159317232668,0.0147770375479013,0.33477950678207,0,1.76736103264218,0.598355377209373,2.99177688604686,1.37910585617647
"423",0.095207059988752,0.51826476957649,0.353552939137444,0.0360990052577108,0.526482903631404,0,2.00278809137037,0.297603529994376,1.48801764997188,1.03652953915298
"424",0.888464406365529,0.0941414020489901,0.374275699257851,0.0148316950071603,0.898903132416308,1,2.74467901934158,0.694232203182764,3.47116101591382,0.18828280409798
"425",0.87803922384046,0.328391608782113,0.370075955055654,0.297112641390413,0.197806166019291,0,3.57287188150778,0.68901961192023,3.44509805960115,0.656783217564225
"426",0.611798076890409,0.191838393220678,0.542587976902723,0.127866931492463,0.821134306490421,1,3.23225281069477,0.555899038445204,2.77949519222602,0.383676786441356
"427",0.414172311779112,0.585291824769229,0.706909420434386,0.22411653213203,0.525260203285143,1,3.57994426394861,0.457086155889556,2.28543077944778,1.17058364953846
"428",0.882165834773332,0.571020641829818,0.657568719703704,0.771385360276327,0.500813092570752,1,3.60823922232653,0.691082917386666,3.45541458693333,1.14204128365964
"429",0.926236537983641,0.37213644455187,0.480661879992113,0.213276422582567,0.507307859137654,1,4.33024064226983,0.71311826899182,3.5655913449591,0.74427288910374
"430",0.821265180129558,0.549286864697933,0.964085499756038,0.454240132821724,0.673469122499228,1,4.96523129800948,0.660632590064779,3.30316295032389,1.09857372939587
"431",0.490554745541885,0.73609966901131,0.323054380947724,0.773000211920589,0.901558360783383,0,3.07972595577974,0.495277372770943,2.47638686385471,1.47219933802262
"432",0.740311689209193,0.31769933598116,0.325716087594628,0.509847758337855,0.87194666522555,1,3.72708883037062,0.620155844604596,3.10077922302298,0.635398671962321
"433",0.242698076646775,0.789994390215725,0.40438992716372,0.222079092171043,0.372297570342198,0,2.9833142720135,0.371349038323388,1.85674519161694,1.57998878043145
"434",0.777641264488921,0.392773418687284,0.695135698188096,0.0970356522593647,0.52744018775411,1,4.94940066041803,0.63882063224446,3.1941031612223,0.785546837374568
"435",0.894813818391412,0.747972055571154,0.539479580475017,0.756195759633556,0.329669744707644,1,5.53045393691245,0.697406909195706,3.48703454597853,1.49594411114231
"436",0.83916248427704,0.0742014194838703,0.641684540081769,0.195163898402825,0.881822075694799,1,2.85291330305285,0.66958124213852,3.3479062106926,0.148402838967741
"437",0.896263581002131,0.124902125215158,0.360560656990856,0.0319124613888562,0.300893859239295,1,2.29582803266543,0.698131790501066,3.49065895250533,0.249804250430316
"438",0.444589321035892,0.136125763179734,0.273149374872446,0.940283931558952,0.169896445004269,0,1.85733835898292,0.472294660517946,2.36147330258973,0.272251526359469
"439",0.596711891703308,0.343889373820275,0.293180734384805,0.776380060473457,0.0383637468330562,1,4.25784447886007,0.548355945851654,2.74177972925827,0.68777874764055
"440",0.257731650723144,0.43355701980181,0.652881997870281,0.0987386044580489,0.923100730637088,0,1.0937549783545,0.378865825361572,1.89432912680786,0.867114039603621
"441",0.175676622428,0.905194091843441,0.864113700808957,0.978905341820791,0.487757970578969,0,3.5441946158548,0.337838311214,1.68919155607,1.81038818368688
"442",0.979613196337596,0.261700194561854,0.775510441511869,0.606152006192133,0.950104214251041,1,3.7984866352467,0.739806598168798,3.69903299084399,0.523400389123708
"443",0.731943068327382,0.516181075479835,0.593175867572427,0.695445636520162,0.663467374863103,1,5.41759525642885,0.615971534163691,3.07985767081846,1.03236215095967
"444",0.527793901273981,0.724690583068877,0.548641574103385,0.829345144564286,0.731690818211064,0,0.797649987537207,0.51389695063699,2.56948475318495,1.44938116613775
"445",0.876440058927983,0.946900122798979,0.550384040921926,0.0349794356152415,0.390831492608413,1,5.17253086630052,0.688220029463992,3.44110014731996,1.89380024559796
"446",0.232552570756525,0.638187697855756,0.598653342807665,0.105006995145231,0.896341954357922,0,0.489816892987657,0.366276285378262,1.83138142689131,1.27637539571151
"447",0.942318941932172,0.507549672853202,0.672664004610851,0.792324033100158,0.668244018219411,1,4.36198473722618,0.721159470966086,3.60579735483043,1.0150993457064
"448",0.735054767690599,0.370614675804973,0.861057246569544,0.567660537082702,0.791338887764141,1,3.24731309908513,0.6175273838453,3.0876369192265,0.741229351609945
"449",0.302934925537556,0.214917464880273,0.141012729611248,0.370997515739873,0.280667041894048,0,2.98312576183182,0.401467462768778,2.00733731384389,0.429834929760545
"450",0.288354639429599,0.549043192062527,0.85949305142276,0.451949829468504,0.40930223162286,0,2.14845737483495,0.3941773197148,1.970886598574,1.09808638412505
"451",0.79054248239845,0.567079863511026,0.475842082872987,0.524312488734722,0.194229966029525,1,4.14525817925111,0.645271241199225,3.22635620599613,1.13415972702205
"452",0.772606553742662,0.33342854026705,0.921993240248412,0.510014441097155,0.520535873714834,1,3.5533301100654,0.636303276871331,3.18151638435666,0.6668570805341
"453",0.495443793945014,0.202895627822727,0.0377851591911167,0.419779064133763,0.154490935150534,0,2.06672632171284,0.497721896972507,2.48860948486254,0.405791255645454
"454",0.804056923603639,0.838408924173564,0.668332562316209,0.566370291169733,0.139310093829408,1,4.81739604053451,0.65202846180182,3.2601423090091,1.67681784834713
"455",0.162588593317196,0.256670767907053,0.631337493658066,0.593131849775091,0.443600643193349,1,1.51878632027506,0.331294296658598,1.65647148329299,0.513341535814106
"456",0.0185740648303181,0.354536469792947,0.536830102093518,0.84644612413831,0.370885606389493,0,1.4972250023931,0.259287032415159,1.2964351620758,0.709072939585894
"457",0.824891570024192,0.103953977348283,0.645286597777158,0.0587785863317549,0.0432438957504928,0,2.698230891701,0.662445785012096,3.31222892506048,0.207907954696566
"458",0.707426170352846,0.369496070547029,0.208844104316086,0.303663365775719,0.379852997837588,1,4.28458687408813,0.603713085176423,3.01856542588212,0.738992141094059
"459",0.198884064331651,0.0728179041761905,0.880236109253019,0.3019107603468,0.570982047123834,0,2.79043980213549,0.349442032165825,1.74721016082913,0.145635808352381
"460",0.42798253102228,0.929083795752376,0.518992735538632,0.160264727892354,0.0926755168475211,0,0.509727396520501,0.46399126551114,2.3199563275557,1.85816759150475
"461",0.55239292816259,0.960161203285679,0.862964794971049,0.51109114754945,0.589375362265855,0,3.52977025058532,0.526196464081295,2.63098232040647,1.92032240657136
"462",0.80854022805579,0.762005831114948,0.137550845043734,0.968200790463015,0.428053489653394,0,2.284218108225,0.654270114027895,3.27135057013948,1.5240116622299
"463",0.446115306112915,0.543330685002729,0.0552926952950656,0.65399322565645,0.714652967639267,1,4.12285412245127,0.473057653056458,2.36528826528229,1.08666137000546
"464",0.854253289056942,0.690475940937176,0.999009841820225,0.951701279263943,0.591974006732926,0,1.84720323683811,0.677126644528471,3.38563322264235,1.38095188187435
"465",0.944034513784572,0.314972412539646,0.859263889258727,0.839653331786394,0.963475862750784,1,5.20618315523483,0.722017256892286,3.61008628446143,0.629944825079292
"466",0.754232178907841,0.998067119857296,0.694696025922894,0.423583515686914,0.671089532086626,1,4.95503252929108,0.627116089453921,3.1355804472696,1.99613423971459
"467",0.479697181610391,0.827399303903803,0.222167549887672,0.762202852405608,0.73587511270307,1,3.85491691855885,0.489848590805195,2.44924295402598,1.65479860780761
"468",0.458247504895553,0.317291336832568,0.361460738349706,0.452591915847734,0.843780854716897,1,0.991988091060597,0.479123752447776,2.39561876223888,0.634582673665136
"469",0.708376433933154,0.0182475871406496,0.556372930761427,0.544035506201908,0.58339427318424,1,3.90195149308098,0.604188216966577,3.02094108483288,0.0364951742812991
"470",0.177807073807344,0.136409895028919,0.888396246358752,0.840277233393863,0.806755629135296,0,0.824415702291778,0.338903536903672,1.69451768451836,0.272819790057838
"471",0.593907246598974,0.984248541295528,0.429106354480609,0.341550226556137,0.0196611173450947,0,1.72723994929129,0.546953623299487,2.73476811649743,1.96849708259106
"472",0.15961766988039,0.705637908307835,0.614215930458158,0.634689756669104,0.554306766251102,0,1.73623340490723,0.329808834940195,1.64904417470098,1.41127581661567
"473",0.441327942302451,0.590574649395421,0.714432129403576,0.893167303409427,0.632358823902905,1,4.42371962928434,0.470663971151225,2.35331985575613,1.18114929879084
"474",0.219465317204595,0.936171065550297,0.479552861768752,0.127818040316924,0.699350607814267,0,2.79824092228767,0.359732658602297,1.79866329301149,1.8723421311006
"475",0.803314010845497,0.943087524501607,0.2696994158905,0.0330248046666384,0.552581305149943,1,6.5921861226695,0.651657005422749,3.25828502711374,1.88617504900321
"476",0.310891261789948,0.844792447518557,0.548195693874732,0.156870286446065,0.886524276109412,1,4.72477599671648,0.405445630894974,2.02722815447487,1.68958489503711
"477",0.642004023538902,0.244795159436762,0.00186481256969273,0.230728532187641,0.356140184914693,1,1.8654817718548,0.571002011769451,2.85501005884726,0.489590318873525
"478",0.845769837498665,0.0624045978765935,0.497125540859997,0.507586524588987,0.385606018127874,0,4.32554697509981,0.672884918749332,3.36442459374666,0.124809195753187
"479",0.853145534871146,0.332970552379265,0.190948330564424,0.254413118120283,0.401529945898801,1,3.03744308194837,0.676572767435573,3.38286383717787,0.665941104758531
"480",0.262389204232022,0.560305213788524,0.937002105172724,0.18127941689454,0.28235938353464,0,1.85311626576241,0.381194602116011,1.90597301058006,1.12061042757705
"481",0.967729922616854,0.83324823831208,0.805008728522807,0.732130045536906,0.917332550976425,0,4.11002376747028,0.733864961308427,3.66932480654214,1.66649647662416
"482",0.188902381109074,0.967760788276792,0.166718056891114,0.376329018734396,0.957775333197787,1,4.17773023983835,0.344451190554537,1.72225595277268,1.93552157655358
"483",0.273718968732283,0.972912728553638,0.400272625964135,0.919987066183239,0.662415315862745,1,4.02846458181227,0.386859484366141,1.93429742183071,1.94582545710728
"484",0.0518355793319643,0.161674242699519,0.0602240955922753,0.154443724546582,0.226405540248379,1,0.866171461148073,0.275917789665982,1.37958894832991,0.323348485399038
"485",0.219074408290908,0.606761728180572,0.605247943196446,0.916864186991006,0.814391107065603,0,1.5802853075179,0.359537204145454,1.79768602072727,1.21352345636114
"486",0.0779492915607989,0.825549530331045,0.390679782023653,0.116454793838784,0.409571290249005,1,2.03349878964528,0.288974645780399,1.444873228902,1.65109906066209
"487",0.823445128044114,0.0147254667244852,0.553191021084785,0.989127177512273,0.589509262004867,0,2.56736040594614,0.661722564022057,3.30861282011028,0.0294509334489703
"488",0.0856008238624781,0.972834980115294,0.673679692670703,0.012857488822192,0.748758517438546,0,-0.0852666488301861,0.292800411931239,1.4640020596562,1.94566996023059
"489",0.474607880692929,0.703757863957435,0.575578829040751,0.753026976017281,0.116434069583192,1,4.8413495226916,0.487303940346465,2.43651970173232,1.40751572791487
"490",0.253442019224167,0.806546244071797,0.510510339401662,0.183461314300075,0.47959333169274,1,2.61506610839094,0.376721009612083,1.88360504806042,1.61309248814359
"491",0.0185105616692454,0.742260188097134,0.0356400373857468,0.526187957031652,0.727970489067957,0,-0.162495938504009,0.259255280834623,1.29627640417311,1.48452037619427
"492",0.0855640657246113,0.429966174298897,0.92288321396336,0.922729240963235,0.834829294821247,1,1.89971563695527,0.292782032862306,1.46391016431153,0.859932348597795
"493",0.773769852239639,0.55362459924072,0.634302911348641,0.0934126910287887,0.846234905067831,1,3.63106850650034,0.636884926119819,3.1844246305991,1.10724919848144
"494",0.0781271818559617,0.77398944273591,0.138777965679765,0.285891451174393,0.307923682266846,0,2.55592070899088,0.289063590927981,1.4453179546399,1.54797888547182
"495",0.257751697441563,0.920329430606216,0.0182793952990323,0.839436732232571,0.501120079075918,1,3.48496747505199,0.378875848720782,1.89437924360391,1.84065886121243
"496",0.786739620612934,0.873974101385102,0.140527355019003,0.0840903467033058,0.165201488882303,1,4.22381654763733,0.643369810306467,3.21684905153234,1.7479482027702
"497",0.0302468098234385,0.259409223916009,0.549596849363297,0.960368992527947,0.501507053151727,0,2.20329556642712,0.265123404911719,1.3256170245586,0.518818447832018
"498",0.273386060493067,0.25689690746367,0.253114866791293,0.108502205926925,0.508718153461814,0,0.662289291326436,0.386693030246533,1.93346515123267,0.51379381492734
"499",0.52165145217441,0.420817446894944,0.408981977496296,0.0245251718442887,0.540547132724896,0,1.5506112079695,0.510825726087205,2.55412863043603,0.841634893789887
"500",0.754199668066576,0.78294126666151,0.486293388996273,0.717724270420149,0.751101769274101,1,4.77875574747874,0.627099834033288,3.13549917016644,1.56588253332302
