"y","X1","X2","X3","X4","X5","X6","X7","X8","X9","X10","f_x","s_x"
-0.282241503700301,0.0321366493590176,0.0392713348846883,0.491026453208178,0.829869156936184,0.419834628002718,0.674110037973151,0.440613425569609,0.00938279670663178,0.688462630612776,0.246391290798783,0,0.5
0.560156335491632,0.633398831356317,0.713975282153115,0.0746546245645732,0.183240191545337,0.366673885611817,0.195146100129932,0.543941563926637,0.770088015124202,0.815632452024147,0.204938031733036,NA,2
-2.55310551844943,0.699684502789751,0.518513803370297,0.278569060144946,0.518335236469284,0.557218188419938,0.487766429549083,0.912966759642586,0.306013585766777,0.737159843789414,0.415715463226661,NA,2
1.2493544072818,0.376545963343233,0.365289261564612,0.878427121788263,0.236202105879784,0.150846817996353,0.263488188385963,0.295650234911591,0.752220941707492,0.503766167676076,0.0375082376413047,NA,1
-0.350237222512917,0.685897701652721,0.439451805083081,0.346272532362491,0.639235025504604,0.0299059110693634,0.791390363825485,0.818463942268863,0.805753854336217,0.0685151207726449,0.653748897369951,NA,2
0.875396882302278,0.30443329596892,0.593776761321351,0.252662484999746,0.143341688672081,0.202486322494224,0.209879243280739,0.0234908810816705,0.443319902056828,0.865865753497928,0.605711343931034,NA,1
0.486947118214128,0.524243678199127,0.0881543764844537,0.894031626405194,0.117429533274844,0.153696053894237,0.0199424722231925,0.0166082351934165,0.0904451431706548,0.634674217319116,0.25031628459692,NA,2
1.52973577099548,0.478108013281599,0.41259130765684,0.922683839220554,0.537282897857949,0.28786034998484,0.518826235085726,0.768439579289407,0.712297242833301,0.471964940661564,0.0293229683302343,NA,1
0.314146031707177,0.352395879570395,0.994232393568382,0.36731672892347,0.371404710225761,0.226430130191147,0.988522542640567,0.171963014639914,0.590013455832377,0.61276261578314,0.0982697720173746,NA,1
1.43575656817199,0.343638661550358,0.0898715713992715,0.671082190936431,0.0814627697691321,0.115701446775347,0.404091404750943,0.914198226062581,0.77044213260524,0.724840591661632,0.960911155678332,NA,1
0.326893619264727,0.748311516828835,0.972395642194897,0.462105612503365,0.849746079416946,0.525140055455267,0.691481846617535,0.64259241358377,0.383345428388566,0.193897266406566,0.471145344432443,NA,2
5.33184058038735,0.805053810123354,0.694419888081029,0.688123103696853,0.857482564169914,0.412985544884577,0.756523177726194,0.587173974374309,0.698520486243069,0.306543357903138,0.569155315635726,NA,3
-0.080953281849018,0.292309782933444,0.886532769538462,0.590175394201651,0.763742916053161,0.843529825564474,0.444129067705944,0.506667435867712,0.263209822122008,0.25964065361768,0.51411981228739,NA,1
-0.0642885588731738,0.0813713425304741,0.733218841487542,0.645473898854107,0.48057269025594,0.958589600399137,0.70577060454525,0.746377976378426,0.228743602987379,0.102548423456028,0.184051728574559,NA,0.5
-2.52172005222636,0.465416571125388,0.113867231411859,0.423410250106826,0.912441357970238,0.253497969126329,0.957222544355318,0.298387421993539,0.55475458712317,0.320897468365729,0.92878125119023,NA,1
0.26999574319132,0.0482504856772721,0.870362227084115,0.0656226673163474,0.352718068053946,0.950954237952828,0.0427663850132376,0.726099342806265,0.917875221231952,0.958915420575067,0.913584525929764,NA,0.5
-3.83785409353774,0.645924511365592,0.445315549150109,0.396382685052231,0.90340900560841,0.380887056933716,0.26203626464121,0.901702417759225,0.417292382800952,0.660986073780805,0.41848081164062,NA,2
1.07793425501999,0.529066368937492,0.877272051293403,0.683232536539435,0.744753323029727,0.3394386311993,0.526980829657987,0.636599146993831,0.445450452622026,0.164547258988023,0.882723631570116,NA,2
0.62946218194112,0.621317676734179,0.144061228726059,0.754505411023274,0.52779389359057,0.0482079237699509,0.308562529738992,0.983435485279188,0.138843381311744,0.889652899932116,0.731016719480976,NA,2
0.149334178305908,0.687091745669022,0.0368512177374214,0.239253385690972,0.0125792836770415,0.357229135232046,0.194120459957048,0.189207792049274,0.275957886129618,0.757066001417115,0.0808777082711458,NA,2
1.08233265888858,0.377081562764943,0.927687839372084,0.388060942757875,0.262930948287249,0.415721071185544,0.595551578560844,0.889767974615097,0.680972298840061,0.78021034412086,0.810993585269898,NA,1
-3.21122703337705,0.507098242873326,0.364786737831309,0.706525600515306,0.0720878560096025,0.39529197756201,0.0853938185609877,0.25313756079413,0.884323446080089,0.164221335435286,0.151563796214759,NA,2
0.531353908252581,0.237350288545713,0.275147415464744,0.501605095108971,0.0984707665629685,0.615358766168356,0.561869938857853,0.290915884776041,0.80242047063075,0.554143948713318,0.496158995432779,NA,0.5
0.600730293046287,0.157840367639437,0.632627204060555,0.929030198603868,0.630327652674168,0.730401052860543,0.328352578915656,0.717250395333394,0.666188669623807,0.0548528400249779,0.833407171769068,NA,0.5
1.01314701175506,0.898484638426453,0.203661296050996,0.846307630417868,0.219352454645559,0.742492161225528,0.517635546857491,0.0817107316106558,0.968180059455335,0.336696855258197,0.662801184924319,NA,3
0.656553622768969,0.753240135731176,0.343114467570558,0.128794493386522,0.560916883870959,0.668597492389381,0.196455833502114,0.172105104196817,0.634505996946245,0.0560522808227688,0.678417820017785,NA,3
0.450441176587303,0.0125156014692038,0.882218054495752,0.629003981128335,0.674523104447871,0.600846989545971,0.633095325203612,0.400010914774612,0.962411692133173,0.547679667593911,0.177117998711765,NA,0.5
-3.7895427703596,0.756340250140056,0.397959120338783,0.865862431004643,0.327016743365675,0.974390563322231,0.230026092845947,0.127599307801574,0.0277679341379553,0.932881123386323,0.593616648577154,NA,3
0.946190693629125,0.235685531515628,0.246450350852683,0.248962875455618,0.362083269981667,0.932028053328395,0.458421003306285,0.347327328752726,0.816151189152151,0.349907604278997,0.481070955749601,NA,0.5
9.4191799850465,0.849114913959056,0.821041927672923,0.602861605351791,0.340112386737019,0.396447837818414,0.765584346372634,0.106930397683755,0.223846387118101,0.744411860825494,0.93100854405202,NA,3
1.43916127761723,0.766780707519501,0.445421120384708,0.451271537225693,0.72373710712418,0.184640744002536,0.951642854139209,0.495319120585918,0.00020794733427465,0.887012050719932,0.271078041987494,NA,3
0.243285053031709,0.172001409810036,0.398085105465725,0.231227887328714,0.164392935112119,0.112842592177913,0.171439406462014,0.502675085794181,0.686919268220663,0.491456889547408,0.454194214195013,NA,0.5
0.630674862417757,0.932543548289686,0.256847345735878,0.979184590745717,0.631192493718117,0.981027684174478,0.682858986081555,0.169451557798311,0.60733424173668,0.9371962856967,0.350068996660411,NA,3
0.601104263344641,0.218169360188767,0.321275946451351,0.484401718014851,0.851453062379733,0.309203763958067,0.917364788241684,0.2084669705946,0.245045544346794,0.582212117500603,0.228992780670524,NA,0.5
0.840336041358887,0.589697151444852,0.685158264124766,0.327503680251539,0.213558244984597,0.763619041070342,0.11949589359574,0.71811868599616,0.408380198059604,0.832140794256702,0.770084762945771,NA,2
-0.154074442892582,0.367701322771609,0.884693963453174,0.0697798361070454,0.434232867090032,0.898273871280253,0.254723551450297,0.111902467207983,0.715196632780135,0.184001997346058,0.933242507977411,NA,1
0.720696373819241,0.198938927613199,0.606495931511745,0.336577468551695,0.326773484470323,0.370286533143371,0.00082359416410327,0.0124902881216258,0.239021955290809,0.908346865791827,0.0976885615382344,NA,0.5
2.21060504692689,0.682107795961201,0.287048922851682,0.372942043235525,0.396774863358587,0.819875442888588,0.710184759926051,0.190397032536566,0.480622512986884,0.8761212809477,0.223856529453769,NA,2
-0.00610575291022993,0.067679442698136,0.8684254467953,0.996917813783512,0.089049612171948,0.700067178346217,0.794930153992027,0.930825348943472,0.826459914213046,0.864694126881659,0.0812219593208283,NA,0.5
-0.932580761661321,0.572068417910486,0.0790525975171477,0.1397358069662,0.64970194036141,0.396581323817372,0.13856448000297,0.767174258362502,0.951541883638129,0.0230525995139033,0.823745897971094,NA,2
-1.23014290795405,0.450845072045922,0.671238768612966,0.580475129419938,0.165164324454963,0.766623474657536,0.279710618546233,0.353242868324742,0.870829950086772,0.200475953286514,0.171313758939505,NA,1
-3.16484165617904,0.573105162009597,0.258897884283215,0.213309426326305,0.100215684855357,0.882589143933728,0.585318948607892,0.152414533542469,0.104481044691056,0.666403246112168,0.75058483122848,NA,2
4.62370372914815,0.73533759615384,0.740031143417582,0.788233703933656,0.918064421508461,0.720053877448663,0.39371900446713,0.0863925719168037,0.545766794355586,0.310717426007614,0.739832061110064,NA,2
1.06384980222904,0.318392616463825,0.172780332621187,0.879689910449088,0.738148988690227,0.928580733481795,0.954701505368575,0.686478513525799,0.12954113073647,0.81541432836093,0.500270092394203,NA,1
0.797694547807648,0.528178822714835,0.222754651214927,0.543697185115889,0.210871644085273,0.539274046663195,0.117441890062764,0.171201136894524,0.563767193350941,0.336862071650103,0.51251038024202,NA,2
-1.43612727789891,0.995858771493658,0.930734105641022,0.990805656183511,0.171419916907325,0.054182613035664,0.928726562298834,0.748863881221041,0.940693028038368,0.65918653504923,0.31154797365889,NA,3
-0.662510088784892,0.113952487008646,0.250964630628005,0.410930230980739,0.10554705071263,0.907607411500067,0.386065973900259,0.522172022610903,0.355578461894765,0.730407647090033,0.462258468614891,NA,0.5
1.38840466048108,0.341306684771553,0.812958737369627,0.613608168903738,0.835363352671266,0.894293455639854,0.379676664015278,0.66161756683141,0.392706391168758,0.0179466558620334,0.213412882061675,NA,1
-0.00107339168469423,0.467106574913487,0.461363392416388,0.494308657478541,0.868279299233109,0.097200368065387,0.598206092603505,0.0933514924254268,0.761134962551296,0.0639440342783928,0.236494644545019,NA,1
-0.781708262436574,0.128517229110003,0.170633271569386,0.299606638494879,0.496000039856881,0.510280701331794,0.300075584789738,0.853872763924301,0.197547832271084,0.155960420612246,0.643106105038896,NA,0.5
0.341957823006054,0.412145783891901,0.359467171831056,0.964134642854333,0.698599802330136,0.409747923957184,0.337395059876144,0.43656346690841,0.678571406751871,0.0371420315932482,0.82975935889408,NA,1
0.056551295167318,0.222288713557646,0.49123525666073,0.395386436022818,0.539690778823569,0.574697827454656,0.397546735825017,0.730274567846209,0.652596935629845,0.617730791214854,0.38262702873908,NA,0.5
0.106784845057808,0.148283806396648,0.0914904365781695,0.869412067811936,0.399036906659603,0.190275267930701,0.531700859311968,0.970284502254799,0.63110744045116,0.105896403081715,0.895602686330676,NA,0.5
-0.416591273016816,0.0369925673585385,0.369142951210961,0.802026466466486,0.83644736954011,0.384842669591308,0.399965344229713,0.497230796376243,0.21596611966379,0.430716055911034,0.814202995272353,NA,0.5
-3.80115746542674,0.896795936627313,0.765040824888274,0.844353931955993,0.740446796640754,0.11038355785422,0.944162652362138,0.749065604060888,0.802961661946028,0.594114093808457,0.982326869154349,NA,3
-0.990579577345106,0.364397091092542,0.75387371936813,0.92530464194715,0.556107219774276,0.472777665359899,0.290147027932107,0.558879483724013,0.734846210572869,0.912317100213841,0.382154474034905,NA,1
-2.24113101562438,0.958884046878666,0.916358025046065,0.622180263744667,0.313185492297634,0.629507611738518,0.766538005322218,0.00391310267150402,0.117573201656342,0.677621009293944,0.86312605952844,NA,3
-1.37915963138867,0.992283673025668,0.1130617109593,0.39246118767187,0.386350285029039,0.618687929585576,0.00955063896253705,0.3101056877058,0.00335579412057996,0.428965806029737,0.334215411450714,NA,3
-0.116138535683225,0.712791633559391,0.826705769635737,0.998709523584694,0.935079188318923,0.999019755981863,0.179841009201482,0.775375233031809,0.565244837198406,0.73825324466452,0.217810853617266,NA,2
2.8651370208333,0.918227929389104,0.991976723074913,0.556448292685673,0.86033549089916,0.86803180235438,0.593546075979248,0.764600344700739,0.115971907973289,0.874116574181244,0.415115732233971,NA,3
-2.62673850900046,0.958541032392532,0.734085222240537,0.277872398728505,0.903584003215656,0.99169037095271,0.442168229259551,0.931520459009334,0.135586928809062,0.59293475211598,0.717808285029605,NA,3
0.132124476008359,0.608879194129258,0.450298280920833,0.517520986497402,0.466313583776355,0.215587850660086,0.0298155974596739,0.189444416435435,0.174548792652786,0.0233730303589255,0.0774613090325147,NA,2
0.293719995172287,0.0288681895472109,0.813382123131305,0.00113681610673666,0.941644994076341,0.476048385258764,0.530871283495799,0.56963656633161,0.737177671631798,0.0965919359587133,0.604818821884692,NA,0.5
-0.103954343912756,0.166011718567461,0.653191721998155,0.923596187727526,0.993117317091674,0.121775610838085,0.0122047434560955,0.826190118445083,0.30410159076564,0.38432927033864,0.433089199708775,NA,0.5
0.716889016296623,0.424093425739557,0.161204627482221,0.926760187838227,0.688538460293785,0.412991603836417,0.0354802808724344,0.914258436998352,0.532327418681234,0.665652722353116,0.169264691183344,NA,1
-3.89856674282553,0.847578614018857,0.657475670333952,0.999632467282936,0.367575454059988,0.757724079070613,0.600674423156306,0.687886233208701,0.487299331231043,0.809120106277987,0.675410686992109,NA,3
0.167302299143473,0.0175340240821242,0.519420479191467,0.318057127762586,0.0525879818014801,0.545170752331614,0.493110234150663,0.703221583971754,0.326910747680813,0.955182061996311,0.553046975517645,NA,0.5
3.41642433081155,0.881483160192147,0.548339178785682,0.000273799290880561,0.615487394854426,0.331853078911081,0.753756532678381,0.619998622685671,0.887993055395782,0.321768817491829,0.723241026746109,NA,3
-0.927780454804531,0.694804448867217,0.636846353765577,0.545869589783251,0.543147100368515,0.651934214634821,0.496286484412849,0.906899358844385,0.585167640121654,0.544923613313586,0.9785473162774,NA,2
-0.119458659437126,0.349967923015356,0.0674725724384189,0.461099995067343,0.208889465779066,0.727099789306521,0.322485944256186,0.0180952423252165,0.586417717626318,0.50533275748603,0.208145300159231,NA,1
-0.388475062884792,0.442952080629766,0.550757031654939,0.0116928820498288,0.919974668882787,0.28176667355001,0.343595980666578,0.00730579695664346,0.0586100376676768,0.816800056258217,0.281768965069205,NA,1
-4.99993600969702,0.63083560904488,0.304470317903906,0.130367321893573,0.00757993618026376,0.672845395281911,0.775554867926985,0.561601209221408,0.809073857031763,0.350174822146073,0.369892556220293,NA,2
-4.0932011291792,0.857258127070963,0.849426775239408,0.048665531212464,0.663260747911409,0.201854383805767,0.374728660099208,0.680570747936144,0.791422239039093,0.155649269232526,0.159891559742391,NA,3
-1.63574784505844,0.475719389040023,0.463194821262732,0.562303752405569,0.269420249154791,0.64509441726841,0.99847622634843,0.944659149041399,0.570544230751693,0.00567547790706158,0.528426631586626,NA,1
-0.11708102669514,0.229862803127617,0.693337155273184,0.0249634576030076,0.472208397230133,0.628053227905184,0.81685835798271,0.652433575829491,0.879498174646869,0.0514549117069691,0.73972195899114,NA,0.5
0.311440636819556,0.424796005710959,0.588375912979245,0.907698655501008,0.31491112918593,0.173823640448973,0.74140138248913,0.306885188445449,0.665830912999809,0.498456827364862,0.325599604984745,NA,1
-0.523524190351201,0.546965456567705,0.69669742975384,0.907464131480083,0.905781339621171,0.374616772402078,0.97064465098083,0.54574229917489,0.0258567882701755,0.499222912825644,0.301927668973804,NA,2
-0.218557554085927,0.545247800182551,0.532440177630633,0.0326926102861762,0.571362876798958,0.246572606964037,0.62373100570403,0.800766404950991,0.306481578154489,0.010504704201594,0.843400214333087,NA,2
4.3394388956167,0.816038053482771,0.0158182233572006,0.43390632327646,0.118837420130149,0.119051147252321,0.583459883695468,0.119374568108469,0.339256392093375,0.430539290653542,0.673767470754683,NA,3
-3.26204680706395,0.901603788835928,0.348586000269279,0.311316560022533,0.66575604211539,0.234927158802748,0.4827365425881,0.146938317688182,0.157435120781884,0.520954007748514,0.697913567069918,NA,3
-1.34236542741488,0.620338303502649,0.691506293835118,0.481012200936675,0.556597996968776,0.0661866711452603,0.809830514946952,0.655171810416505,0.967796785058454,0.859031651634723,0.547678065020591,NA,2
2.62955558280747,0.840353684034199,0.673164369771257,0.499901092844084,0.148192471591756,0.0805800317320973,0.836274195462465,0.529777634423226,0.809363054344431,0.569066174095497,0.855126766953617,NA,3
-0.438281983773096,0.286419975571334,0.0967769827693701,0.10907745687291,0.96515504270792,0.346270593581721,0.213748984504491,0.87659911182709,0.000996117945760489,0.11449680221267,0.900713045150042,NA,1
-0.819668273218654,0.42447182838805,0.305468514794484,0.628598166629672,0.897104371571913,0.292935826117173,0.57036331994459,0.812557882862166,0.743328155716881,0.372404619818553,0.995886287419125,NA,1
-2.15502275916223,0.581904123770073,0.136866772547364,0.686216610949486,0.0187842161394656,0.65494451741688,0.842298676259816,0.63314122450538,0.811359524028376,0.159128638915718,0.789697944186628,NA,2
-4.06652032407565,0.945780334994197,0.103755530901253,0.866593056125566,0.559091728879139,0.662870865082368,0.727699366630986,0.921519288793206,0.788001266308129,0.731000347295776,0.126275058137253,NA,3
-0.928011560521798,0.0429409199859947,0.000712319742888212,0.487844629446045,0.285959116648883,0.604428091552109,0.919549201382324,0.459383252309635,0.727056132396683,0.891209361376241,0.935548935784027,NA,0.5
-0.454744311371444,0.328576610656455,0.304207463981584,0.804804563056678,0.846173255937174,0.218100384576246,0.161341489758343,0.0678012303542346,0.141843453980982,0.453309568809345,0.174222140572965,NA,1
2.45897650312528,0.572264407062903,0.749721936415881,0.234257691074163,0.789959133137017,0.606415096437559,0.554639648413286,0.0167610717471689,0.64993330463767,0.166575252544135,0.753427488962188,NA,2
6.3265939587816,0.819421303458512,0.737637117039412,0.894383451668546,0.761343186022714,0.651555245975032,0.303879029816017,0.53969519212842,0.311747952597216,0.319801090052351,0.836284123826772,NA,3
-1.00774699035296,0.27150860009715,0.301227852702141,0.904794576577842,0.526734083425254,0.869649238185957,0.472009405493736,0.629169559106231,0.432649733265862,0.571082683978602,0.996163306059316,NA,1
0.746872815646722,0.140957412077114,0.958929154090583,0.87989121559076,0.650756301125512,0.234146694419906,0.255590234417468,0.420677730115131,0.597164487466216,0.723511897493154,0.155153512023389,NA,0.5
-0.650446841065496,0.358473981032148,0.862018195679411,0.700934009160846,0.0534398728050292,0.899426093092188,0.338007411221042,0.93593748472631,0.137800792232156,0.827133719110861,0.955730211222544,NA,1
2.48082038300247,0.961773466318846,0.0908011053688824,0.906130446586758,0.650059416424483,0.286194331245497,0.889659560285509,0.1561406950932,0.112980651902035,0.944480426842347,0.891218760749325,NA,3
-0.0986038818318802,0.0816032441798598,0.00994992698542774,0.0916588774416596,0.106353395618498,0.383079081075266,0.394785706652328,0.774634938454255,0.597865202464163,0.382828871253878,0.0871360464952886,NA,0.5
1.1520722946698,0.372490294510499,0.642933483468369,0.932021666085348,0.25168374995701,0.656297161011025,0.551260613603517,0.00573913590051234,0.171782038640231,0.776553657837212,0.087719907052815,NA,1
4.3995392071382,0.889362843940035,0.875090325716883,0.929815792944282,0.647907796083018,0.219110984588042,0.0118211782537401,0.674186609685421,0.940533248940483,0.127728166524321,0.00270650535821915,NA,3
0.0290089026468435,0.248338227858767,0.142401040298864,0.763918829383329,0.76891547255218,0.181683097267523,0.87568672769703,0.820826095528901,0.332615875406191,0.810349359177053,0.414319772040471,NA,0.5
-0.0716587997708629,0.099602812435478,0.572981350123882,0.823288503335789,0.706261500250548,0.0959598675835878,0.149675080087036,0.507298650220037,0.423980995081365,0.74773308984004,0.686039772350341,NA,0.5
-1.30011461908445,0.42879819823429,0.0999327092431486,0.0399061276111752,0.891762524843216,0.942133626202121,0.152556500863284,0.170978014590219,0.368863882729784,0.0347012423444539,0.505937222158536,NA,1
-0.60014108521951,0.138419456779957,0.436613920144737,0.604420283576474,0.204740515211597,0.765600503887981,0.98930400935933,0.276836613891646,0.0905646500177681,0.362719136057422,0.529882991919294,NA,0.5
-1.21145790381126,0.744622958125547,0.749749571783468,0.360840648878366,0.762236907379702,0.297599644400179,0.55331027880311,0.624136926373467,0.798092990880832,0.851898095104843,0.404137687990442,NA,2
-1.14999787644678,0.708947046194226,0.849501037504524,0.762910400982946,0.842422707471997,0.723715083673596,0.381835736334324,0.65285807219334,0.514471322065219,0.310605535982177,0.957349325995892,NA,2
0.819526373875359,0.515504683367908,0.370702817803249,0.823700248729438,0.387957931729034,0.642785836942494,0.348471603821963,0.0168538340367377,0.692721860483289,0.232188782887533,0.389768423512578,NA,2
0.04335007115952,0.00294706947170198,0.814211948076263,0.31387432734482,0.261198920663446,0.432101055746898,0.918104903073981,0.415187336038798,0.976240418851376,0.291730556869879,0.519225212512538,NA,0.5
-0.941306547537896,0.320613505784422,0.445245401933789,0.659601202700287,0.373574797762558,0.309444201411679,0.99856966570951,0.845955910626799,0.385660471161827,0.863749768352136,0.85754614090547,NA,1
-1.18186963828744,0.701132035115734,0.859337297501042,0.348278685705736,0.160000698640943,0.238924831384793,0.72800212725997,0.57119212881662,0.620406114961952,0.0212759706191719,0.0539104880299419,NA,2
0.357126829159397,0.447363865328953,0.8170770870056,0.286243395647034,0.16769379354082,0.238466019975021,0.662134238751605,0.810090478044003,0.577125230105594,0.075156477978453,0.137602924602106,NA,1
-0.190270625930595,0.114963983185589,0.593716769479215,0.903442053124309,0.815722588449717,0.452215825207531,0.0901011251844466,0.436070464085788,0.167535469401628,0.971105119213462,0.308095294749364,NA,0.5
2.62078960911659,0.566922665573657,0.568221352994442,0.653094903565943,0.0865914954338223,0.786628634436056,0.917334056925029,0.248513758182526,0.225959765724838,0.70123139442876,0.785259994678199,NA,2
2.55987015026694,0.833427351433784,0.499585702549666,0.598924180492759,0.138457585126162,0.320701913908124,0.774522821651772,0.431595224887133,0.257062387652695,0.22843798622489,0.532552591059357,NA,3
-6.92858680088879,0.782670683693141,0.0883395997807384,0.773956855759025,0.646301113301888,0.948011690285057,0.624721661442891,0.384072499116883,0.52077893470414,0.161269078962505,0.443590870127082,NA,3
0.15815266439335,0.246600785059854,0.783747910521924,0.235627511749044,0.865159292006865,0.799394915346056,0.177220857003704,0.427418543258682,0.373554009012878,0.512462994782254,0.892843663692474,NA,0.5
2.65450595933212,0.957361436681822,0.911815687082708,0.41771270474419,0.507127913879231,0.388280466897413,0.209281904157251,0.512741857906803,0.995567321544513,0.608058721991256,0.980684688081965,NA,3
-0.551655302147764,0.105588861741126,0.765772460727021,0.254358040867373,0.496851657284424,0.270303341327235,0.840589354978874,0.230695051141083,0.313359949970618,0.0843451307155192,0.604350767796859,NA,0.5
-1.8820051243768,0.865534041076899,0.282570220297202,0.518943741451949,0.582809855230153,0.733290414093062,0.464054192649201,0.0420361561700702,0.312909991247579,0.357775181764737,0.217115553095937,NA,3
1.18644127377823,0.572014078265056,0.47516213497147,0.909601657185704,0.7345625765156,0.159067094791681,0.0758456904441118,0.596963451942429,0.248694570967928,0.609315068461001,0.460826584137976,NA,2
2.90277751401675,0.714331415947527,0.171784817706794,0.755383554147556,0.103581401053816,0.949289575219154,0.311075175181031,0.892260275082663,0.782703787088394,0.609557135263458,0.0396083393134177,NA,2
0.452672729165082,0.362838387256488,0.290337451035157,0.464105833088979,0.632470370503142,0.288197767920792,0.256659790175036,0.76495176483877,0.331189053365961,0.102935964474455,0.724172668065876,NA,1
-0.133181544288443,0.697857573861256,0.296673942590132,0.952276430791244,0.360607230570167,0.295894445385784,0.471734570106491,0.0396309678908437,0.965557127026841,0.30653714039363,0.577830789843574,NA,2
0.520898443292835,0.555650745285675,0.0409085555002093,0.172368012135848,0.690776515984908,0.844665887998417,0.950760766165331,0.402099822415039,0.815108865965158,0.204499331535771,0.857367512304336,NA,2
-4.94863899675115,0.611774453427643,0.924236066872254,0.0708308285102248,0.330309199402109,0.127171179978177,0.491658851737157,0.536354664713144,0.913808302022517,0.952496240613982,0.481220846064389,NA,2
0.736866988322533,0.438154348172247,0.806642528390512,0.0169571470469236,0.662110002711415,0.0638061012141407,0.217253629118204,0.100625155959278,0.0314080747775733,0.836882830131799,0.524368022568524,NA,1
-2.10491296672012,0.603837736183777,0.607003055978566,0.14466291340068,0.00309824291616678,0.579994248226285,0.499280680436641,0.896025418769568,0.630717721302062,0.990853895898908,0.906316698761657,NA,2
-0.385675311337004,0.0125510159414262,0.516535924980417,0.448626236524433,0.0885730378795415,0.931544049177319,0.0455953879281878,0.932046544039622,0.456221962114796,0.18970851926133,0.15640650712885,NA,0.5
-0.933954992523,0.0433406794909388,0.950225162087008,0.479722076794133,0.840589659288526,0.512415238423273,0.36178726516664,0.267573584103957,0.603488262509927,0.0370614926796407,0.624879651935771,NA,0.5
-0.520842484729798,0.0929510626010597,0.185449638403952,0.0954606782179326,0.354706885525957,0.336916906060651,0.202741828747094,0.128091655438766,0.105544385500252,0.0621682242490351,0.337343172635883,NA,0.5
-1.1902755322199,0.341341719729826,0.27227359986864,0.726273648440838,0.375441956566647,0.0984445584472269,0.24713291740045,0.68887278297916,0.395826757419854,0.263939680531621,0.85243204399012,NA,1
-0.0160453226366918,0.598223075270653,0.515979057410732,0.294184898026288,0.419611923396587,0.451983051374555,0.610102006234229,0.502045850269496,0.0474624985363334,0.312018062686548,0.97183643002063,NA,2
0.662189390327135,0.269035245059058,0.890601610997692,0.579056739108637,0.532028702553362,0.036886066198349,0.655321523780003,0.785500477533787,0.994296758901328,0.625912741292268,0.597492320695892,NA,1
-1.47635093715271,0.519639003556222,0.0640717146452516,0.487221607938409,0.496073189657182,0.116159395547584,0.006662578554824,0.0628067965153605,0.91214673826471,0.58853417634964,0.529160888632759,NA,2
-0.54737069346927,0.0266456077806652,0.749969109194353,0.375706146936864,0.8472254879307,0.302311453036964,0.892074418487027,0.566268016584218,0.896159957861528,0.375780015485361,0.340594119857997,NA,0.5
1.45065191789749,0.94707443495281,0.425205362495035,0.337836832040921,0.73194540082477,0.0198679927270859,0.384525762172416,0.486763422377408,0.31629200046882,0.698771668132395,0.0593036743812263,NA,3
-0.36734327686679,0.449535029008985,0.739834612002596,0.998082731151953,0.405127953272313,0.798034045379609,0.383507769554853,0.453684104373679,0.366463227430359,0.449634636053815,0.556320760864764,NA,1
-0.142193432562441,0.0993167369160801,0.780165972188115,0.76557879964821,0.643417255720124,0.0841845641843975,0.952992078615353,0.388045005733147,0.353067258605734,0.494073997018859,0.38412378448993,NA,0.5
-0.0204411745838119,0.182601721491665,0.671439114259556,0.933410462690517,0.063336655497551,0.283508115913719,0.0870876528788358,0.795035666320473,0.261529661715031,0.253830597037449,0.271484842523932,NA,0.5
-0.145046151664827,0.412740072468296,0.922483856091276,0.205560039961711,0.281724784523249,0.308287980500609,0.114223259268329,0.339805831899866,0.59704695106484,0.0895669923629612,0.20351308491081,NA,1
-0.655416133968273,0.132374021690339,0.0385842223186046,0.960168987046927,0.553003982873634,0.0313359131105244,0.998100819531828,0.0783406211994588,0.927472871961072,0.659052587812766,0.785189574118704,NA,0.5
0.0569453360323003,0.455947425216436,0.609724464127794,0.614067499991506,0.97299245535396,0.99231677222997,0.702998753637075,0.760542156873271,0.224094831617549,0.597768754232675,0.174418788170442,NA,1
-0.407626682681292,0.138098580995575,0.752001489046961,0.289834522875026,0.654601774876937,0.41541023994796,0.00403436576016247,0.770590521162376,0.0943589757662266,0.306590826017782,0.670288912020624,NA,0.5
-1.68139582769653,0.969414204824716,0.606616077246144,0.349470247514546,0.341198356356472,0.052086751209572,0.360128439497203,0.27755997586064,0.483060038648546,0.592371104983613,0.179017000831664,NA,3
-1.41235887891515,0.484311842592433,0.627842574846,0.414641877403483,0.304095499916002,0.200165947666392,0.097875046543777,0.366788988700137,0.650650549912825,0.789857445284724,0.357476759934798,NA,1
0.452289857944087,0.612423501210287,0.262217645766214,0.175194005016237,0.517215595347807,0.658887927187607,0.398805856704712,0.485592402284965,0.953524999320507,0.391746623674408,0.300889120902866,NA,2
-2.08435011464261,0.759304512990639,0.582466018851846,0.261647397186607,0.554752136347815,0.801065125502646,0.137913859682158,0.877758507616818,0.749789121560752,0.467832755995914,0.0966854214202613,NA,3
-0.250461882730123,0.282862489577383,0.311645941110328,0.60926196561195,0.124141810229048,0.274296503281221,0.622827796963975,0.743674198165536,0.265039020916447,0.945896445307881,0.395986490882933,NA,1
1.38929004072203,0.581831085495651,0.604764067567885,0.0981524740345776,0.640039406251162,0.59033013205044,0.712040337501094,0.564666945487261,0.492797074839473,0.603931111749262,0.279830668587238,NA,2
3.37308806241796,0.644188753794879,0.11642846907489,0.388798480387777,0.456940018106252,0.958898683078587,0.534385369159281,0.026345114922151,0.103369149379432,0.836727291345596,0.575546889333054,NA,2
-1.80625513593003,0.665181114571169,0.865635313559324,0.236588786588982,0.625312402611598,0.197498777182773,0.469960128655657,0.853968983516097,0.0933152246288955,0.272778454935178,0.137419609585777,NA,2
-0.598181630839518,0.20983607089147,0.388797290390357,0.747019624104723,0.93496206542477,0.0514743681997061,0.420886440202594,0.680075784912333,0.825326177757233,0.238552219001576,0.866760726552457,NA,0.5
-0.678701228012741,0.367456012638286,0.76701890816912,0.299027033150196,0.638889130437747,0.973676205612719,0.202693411381915,0.047896116040647,0.693167041055858,0.72095926781185,0.85648188367486,NA,1
-0.439448370591987,0.171001069946215,0.7493276654277,0.766403131186962,0.142307656118646,0.68866288033314,0.379330020165071,0.842053881846368,0.453404651256278,0.344623880228028,0.187736973864958,NA,0.5
-0.429402457336857,0.232082100119442,0.912413143087178,0.417194787180051,0.263550848001614,0.0323172744829208,0.70294936420396,0.237633729353547,0.179497604025528,0.155822693370283,0.655707615427673,NA,0.5
0.260273411620581,0.397116974228993,0.285043719923124,0.626160256098956,0.440539639210328,0.228579026414081,0.950656231259927,0.738680086331442,0.909562820801511,0.836534011876211,0.909986349521205,NA,1
-0.601741747228831,0.00319111370481551,0.801924289902672,0.936224457342178,0.0328773867804557,0.680261990521103,0.817012073937804,0.107413252815604,0.0303064233157784,0.471293790731579,0.67827691603452,NA,0.5
0.579175363038437,0.382363738259301,0.393253202782944,0.158311059698462,0.802881805924699,0.164180209161714,0.210846305359155,0.0777299583423883,0.271905378438532,0.415683274855837,0.646119900047779,NA,1
0.233684619832068,0.104158732341602,0.044687672983855,0.755966236116365,0.898829346057028,0.747886597644538,0.785850781947374,0.187898478936404,0.26085401698947,0.919391671195626,0.723531056428328,NA,0.5
-1.18176505505841,0.748055958654732,0.457851321436465,0.75289491051808,0.874799456913024,0.5951328065712,0.474716911558062,0.540802971692756,0.586096824146807,0.983661994105205,0.879120596917346,NA,2
-0.899714329525814,0.598819239530712,0.214800329878926,0.255403825780377,0.657175703207031,0.83159053674899,0.0539117860607803,0.840320016723126,0.30811989097856,0.841044461587444,0.933701136615127,NA,2
0.646093632296236,0.36379097471945,0.930275573628023,0.413587759248912,0.677580804331228,0.780740413581952,0.0646629584953189,0.859191400231794,0.603091831551865,0.680502528557554,0.776847406988963,NA,1
1.02643265104361,0.787000266136602,0.130031454842538,0.812010727357119,0.11337968474254,0.226478895405307,0.9479467747733,0.289414885919541,0.826333333505318,0.482536654453725,0.204640087904409,NA,3
-1.60873401630344,0.333655280526727,0.473265617853031,0.913793664192781,0.927346032112837,0.598311467794701,0.802216146606952,0.604303786531091,0.204727914649993,0.256905679125339,0.353850594256073,NA,1
-0.193922357216301,0.309134368319064,0.69424194470048,0.045563388383016,0.0289882610086352,0.702026945538819,0.353906127158552,0.578083222731948,0.998108556028455,0.706539734266698,0.111041986150667,NA,1
2.25822378003256,0.699067022651434,0.175160866929218,0.675344614312053,0.653209868585691,0.448388746008277,0.639876928878948,0.529742702143267,0.386671084910631,0.871713967528194,0.597260946873575,NA,2
-0.294217127054907,0.0130114420317113,0.745208188192919,0.662316924892366,0.869964884594083,0.346366792684421,0.134350478416309,0.91824146383442,0.628984485287219,0.677548446692526,0.685797044774517,NA,0.5
-5.09182856615671,0.535232451977208,0.519287661882117,0.85244823875837,0.555158670060337,0.251911287195981,0.740879685385153,0.578002710128203,0.67449068557471,0.13997372216545,0.171553277410567,NA,2
-0.957106599062254,0.260365868685767,0.039272784255445,0.205235176021233,0.658755406038836,0.0693191748578101,0.265798757784069,0.553729085018858,0.56509280600585,0.896149475127459,0.0161577914841473,NA,1
-0.74547676965435,0.216713041067123,0.312677611829713,0.271783971460536,0.31258171889931,0.547919424949214,0.143913608510047,0.106598092708737,0.155940489610657,0.147696991218254,0.264999630395323,NA,0.5
-1.7556278223873,0.301559766521677,0.813955902820453,0.378281063167378,0.23688638349995,0.825144364265725,0.807417817413807,0.154609765624627,0.987439922289923,0.27786693489179,0.650420303922147,NA,1
-0.0470943359654031,0.160312748048455,0.732178756734356,0.151784234680235,0.372392004355788,0.374390203272924,0.544937105616555,0.617528083734214,0.677572895074263,0.368166692554951,0.655130254570395,NA,0.5
0.124658668723908,0.182294715894386,0.995739555219188,0.113104562275112,0.11240058299154,0.208648389670998,0.537716497201473,0.0649266852997243,0.650002721697092,0.0501199315767735,0.357121436158195,NA,0.5
5.21455443964906,0.779459196841344,0.449038189370185,0.292015180690214,0.143725096713752,0.904136493103579,0.608930496964604,0.354715100722387,0.194870956009254,0.843750018393621,0.0934222042560577,NA,3
1.75772733370199,0.821147922892123,0.425148322479799,0.171820772113279,0.235684452112764,0.761053857393563,0.315450295107439,0.220257700188085,0.835394476307556,0.984954028623179,0.115882620681077,NA,3
-2.47988607885718,0.629339757142588,0.828968267887831,0.995918438304216,0.607340537942946,0.0347810362000018,0.946215031202883,0.967786622000858,0.126801078440621,0.765530567616224,0.121757410932332,NA,2
-0.894667690433518,0.781423395499587,0.0622167293913662,0.272649483056739,0.198446429567412,0.659495470346883,0.81549444841221,0.649437340209261,0.403396281879395,0.0653008993249387,0.449648660607636,NA,3
-2.59967794033893,0.833517065504566,0.922720778966323,0.283613242208958,0.117495934013277,0.44706165464595,0.493439532117918,0.653966138372198,0.117235817248002,0.946330566890538,0.346774617442861,NA,3
0.562866817007894,0.066422026604414,0.0124633046798408,0.348506391048431,0.520839661592618,0.444712787633762,0.71667861030437,0.328789311693981,0.026976422406733,0.644805737538263,0.929708110401407,NA,0.5
-0.98353176943091,0.345342023530975,0.675448514288291,0.863113478990272,0.767568795010448,0.745967566501349,0.583446231437847,0.355865387944505,0.183258432662115,0.327033995883539,0.742279504658654,NA,1
1.39982507996358,0.301927540684119,0.425509258871898,0.963772800983861,0.432708555832505,0.552789221983403,0.862505354220048,0.194295163266361,0.607898182235658,0.666282393038273,0.855093700578436,NA,1
2.19108366345933,0.784785338677466,0.910598614718765,0.0310040663462132,0.792512105545029,0.913687644060701,0.779540273128077,0.203273280523717,0.580115466378629,0.778640141477808,0.0813250311184675,NA,3
0.102754799970055,0.0151381115429103,0.303750258870423,0.530344953527674,0.398493434069678,0.551140069263056,0.331004866398871,0.0359833822585642,0.954829844180495,0.751596683170646,0.923089451156557,NA,0.5
-2.71593227987405,0.975154257612303,0.158668037503958,0.417390400543809,0.100585088133812,0.454939389135689,0.426590847782791,0.1122667635791,0.172702635638416,0.360355676151812,0.969007642241195,NA,3
0.11316914619458,0.144407300045714,0.726451003458351,0.323942760471255,0.0605967913288623,0.890680358512327,0.902225363301113,0.955268873134628,0.0258821186143905,0.516488530673087,0.00521893566474319,NA,0.5
0.214612463434781,0.382541353581473,0.541727594798431,0.679740986786783,0.000293354038149118,0.129221958573908,0.0420920078177005,0.329942629439756,0.341416005743667,0.02168780984357,0.247941843234003,NA,1
-3.25744451413655,0.878030564635992,0.612484061392024,0.841921371873468,0.389507194282487,0.873570098308846,0.941481810528785,0.270786457462236,0.105030868668109,0.0905804259236902,0.677928207209334,NA,3
-0.612778977564602,0.299138211412355,0.71343940589577,0.362453953828663,0.569098226493225,0.806055163498968,0.984774222364649,0.0434266540687531,0.158101887907833,0.446324746357277,0.10046491608955,NA,1
0.768254629890036,0.090535826748237,0.598878909833729,0.383121004793793,0.942228753585368,0.728780089877546,0.816637960728258,0.63866300880909,0.776843504980206,0.295215973397717,0.961366922827438,NA,0.5
-0.567603909448942,0.0424070812296122,0.419121650280431,0.861307024024427,0.638702552299947,0.642014807322994,0.769632588373497,0.153189419070259,0.810209463350475,0.170681128744036,0.77459627809003,NA,0.5
-5.9771524195317,0.862377436831594,0.652252439875156,0.904387121321633,0.797982558840886,0.350751545047387,0.78046753979288,0.985694216098636,0.70478395326063,0.913390251807868,0.0379480242263526,NA,3
3.06750410813849,0.80633880593814,0.679136122344062,0.952588496729732,0.829646679805592,0.881833428051323,0.884054609807208,0.0632740694563836,0.70828592334874,0.175746616674587,0.878892200067639,NA,3
0.957806121739846,0.112819531699643,0.528766673523933,0.779676516773179,0.985083922278136,0.22144174692221,0.14839206263423,0.560842191567644,0.211447972571477,0.751184774329886,0.262189727742225,NA,0.5
0.7394269431204,0.0613693608902395,0.0450991443358362,0.469146619085222,0.236004963051528,0.938807192258537,0.464330278337002,0.197913277195767,0.454433776205406,0.08160714013502,0.868174660252407,NA,0.5
2.89437745658501,0.765211458783597,0.946839487645775,0.702625217847526,0.89387573953718,0.322030391078442,0.635835886467248,0.490745102521032,0.251796741737053,0.57421529921703,0.919654391240329,NA,3
-0.837698154337176,0.911105049075559,0.887382954359055,0.218226345721632,0.503832868300378,0.00183678534813225,0.586421895073727,0.72927557816729,0.53785819420591,0.782691985368729,0.0610043394844979,NA,3
1.61332292935373,0.767474424093962,0.657503654249012,0.23821485415101,0.3197404849343,0.848195793339983,0.523012418299913,0.220011793542653,0.923964306944981,0.419060569256544,0.20017861854285,NA,3
-0.111281104502172,0.136224425164983,0.408692202530801,0.915172693319619,0.946666706586257,0.544694220647216,0.307216387009248,0.844691653503105,0.402090376475826,0.111828369786963,0.364809120539576,NA,0.5
-0.743268442892708,0.631344011286274,0.416102928575128,0.94413023837842,0.405237703584135,0.0686362243723124,0.856442781630903,0.569145374232903,0.298357689753175,0.543654523789883,0.354759010253474,NA,2
-0.905598862688402,0.429458065889776,0.599177881376818,0.525696570519358,0.556089870398864,0.374567771330476,0.73522638506256,0.165942407678813,0.241547536570579,0.640308366389945,0.910148287890479,NA,1
-0.381371694003123,0.319485255284235,0.775019305292517,0.202426716685295,0.393176882760599,0.383716176263988,0.833298979094252,0.63092312333174,0.456514721736312,0.263742276001722,0.599667183123529,NA,1
-0.423702137252754,0.11936202365905,0.114415199263021,0.187402412761003,0.825105560244992,0.401661385083571,0.598708146018907,0.626203504158184,0.0329728100914508,0.0982055109925568,0.259948245948181,NA,0.5
-0.805397857933071,0.126862512435764,0.561627364018932,0.226535556837916,0.0691305936779827,0.0460475136060268,0.0944148511625826,0.584244670113549,0.75893074576743,0.932498198468238,0.695256362203509,NA,0.5
0.319155083005407,0.472723427927122,0.787534170318395,0.645320721901953,0.715023176278919,0.209356067935005,0.81911487551406,0.801698182709515,0.70181589666754,0.698942579096183,0.469195405719802,NA,1
-0.0907648903587075,0.463830034947023,0.883693974465132,0.996114502195269,0.933144294423983,0.130785294808447,0.672029396053404,0.39099053083919,0.82090491685085,0.889978097518906,0.481951746391132,NA,1
0.685509547256731,0.733466965379193,0.0820799909997731,0.0614028854761273,0.193428620696068,0.842947125434875,0.147228190675378,0.63629440870136,0.00185011373832822,0.664431531913579,0.359879235271364,NA,2
-6.88310219990682,0.766328622121364,0.514705869369209,0.0641286331228912,0.71263275318779,0.865839602192864,0.317526940023527,0.472104668151587,0.0943877408280969,0.525016574189067,0.392749238293618,NA,3
-2.30749559493075,0.317944551585242,0.313390593510121,0.785861490992829,0.626033872598782,0.691302561433986,0.909780625021085,0.636675088433549,0.000775783322751522,0.607812081230804,0.350837268168107,NA,1
0.190249220215772,0.0292525580152869,0.784951515262946,0.726968697272241,0.515227085910738,0.952373256674036,0.985080229351297,0.0235045454464853,0.00416592671535909,0.967333158710971,0.396277377847582,NA,0.5
-1.55456092344735,0.298712126677856,0.329398845555261,0.824424406746402,0.504606149625033,0.462511173449457,0.987116791075096,0.984700593166053,0.738257547840476,0.506412111455575,0.215016127098352,NA,1
-5.71298108096891,0.863856402924284,0.472625948023051,0.0874699417036027,0.909145939163864,0.37907059583813,0.480933768674731,0.478833106346428,0.669854396488518,0.0413195120636374,0.272561500314623,NA,3
2.72257293704493,0.977674740599468,0.757155697094277,0.207756455754861,0.203775214497,0.78417210560292,0.582602435722947,0.666409130906686,0.686884060502052,0.110600611427799,0.558197030797601,NA,3
10.2974933407333,0.817447017878294,0.907617374090478,0.650747747858986,0.467643693089485,0.37755541363731,8.57806298881769e-05,0.00122400932013988,0.270136442501098,0.128451892407611,0.193024599459022,NA,3
-0.515443771934163,0.156245535472408,0.951601629611105,0.789141749264672,0.919310998637229,0.852464217459783,0.700894636334851,0.253609915263951,0.141912077786401,0.594247984467074,0.577542662387714,NA,0.5
3.60755387259999,0.935209455899894,0.168847924564034,0.71698178560473,0.164761062944308,0.820564121939242,0.269563676323742,0.865492029348388,0.0663771124090999,0.757397901965305,0.30812180461362,NA,3
1.53424165667702,0.495078047504649,0.00743950600735843,0.699956620577723,0.150095566408709,0.820907787652686,0.0250667075160891,0.219115395331755,0.0701660695485771,0.144342829938978,0.661241426831111,NA,1
2.11945690269233,0.494878040393814,0.335358702111989,0.0859456097241491,0.334762825863436,0.436428788118064,0.871063163038343,0.862540878355503,0.149437770945951,0.172741169808432,0.301684214035049,NA,1
-0.764114777927609,0.472692873096094,0.913892224663869,0.814544472144917,0.345459071453661,0.473493713885546,0.772064296295866,0.964068693341687,0.302707911469042,0.310749824624509,0.326807718491182,NA,1
1.59341061109396,0.607975764898583,0.0794732617214322,0.974691078998148,0.617390216095373,0.461572230560705,0.722619395470247,0.609765309141949,0.594569276785478,0.192564327269793,0.0523809674195945,NA,2
-1.05008884817102,0.458628129446879,0.276793640572578,0.394021584419534,0.216551521327347,0.656353653175756,0.901549807749689,0.893069363664836,0.394100816454738,0.276124453404918,0.0872335392050445,NA,1
-0.454916415458206,0.100318351062015,0.378878374584019,0.0983213325962424,0.174892703304067,0.711960697313771,0.919599503278732,0.190358696039766,0.269345039268956,0.287819736870006,0.287268604617566,NA,0.5
-0.485510412623777,0.241354882251471,0.949344601249322,0.158448557602242,0.133629100397229,0.866928705945611,0.937315163202584,0.184269865509123,0.327862715348601,0.563999371370301,0.785677004838362,NA,0.5
0.776775239291567,0.291910991771147,0.0846551819704473,0.77373803849332,0.182577745057642,0.20777322165668,0.364862532587722,0.302542981225997,0.99205335858278,0.101478747557849,0.831732955761254,NA,1
-0.503915118460329,0.0921388799324632,0.69793195463717,0.640171206556261,0.433864553691819,0.868978491751477,0.679959014523774,0.123384471517056,0.638639747863635,0.164615281391889,0.954158689128235,NA,0.5
-2.45868231246521,0.486175883794203,0.204146457370371,0.274052948923782,0.427365210838616,0.0658067418262362,0.238397930283099,0.715437222272158,0.305063903564587,0.979477859567851,0.535615005297586,NA,1
3.07267136331703,0.672265029046685,0.683067857287824,0.300874865613878,0.990141049260274,0.336872167419642,0.262356182327494,0.166166434762999,0.507457473315299,0.182093014242128,0.988365483703092,NA,2
-1.35725074282868,0.373770251171663,0.989214881556109,0.348896064329892,0.00952328857965767,0.870421917643398,0.0278489568736404,0.971605542581528,0.0709339645691216,0.96520364494063,0.830430411733687,NA,1
-2.09439816462769,0.6810261097271,0.785620857728645,0.798142119776458,0.381587166339159,0.372327584540471,0.625061142724007,0.36749339546077,0.582425137981772,0.641279636882246,0.120793332578614,NA,2
-0.00796859068675282,0.0229878642130643,0.855209650471807,0.982022156473249,0.256182591430843,0.777578515000641,0.825847221305594,0.558763438137248,0.683600728865713,0.737240033224225,0.413099535508081,NA,0.5
-1.4979445469424,0.714179781964049,0.706974609289318,0.173396941041574,0.230190037516877,0.856905392371118,0.897651092847809,0.326673374744132,0.499662009300664,0.31590295699425,0.814334665657952,NA,2
-0.439028039829894,0.69282753020525,0.235939425881952,0.237423748476431,0.719278433360159,0.29460807191208,0.928081472637132,0.536010401323438,0.794380184262991,0.658699807012454,0.520766410976648,NA,2
-0.242951793769155,0.243101859698072,0.307146482169628,0.843962025130168,0.0316330003552139,0.430362788261846,0.351072994992137,0.654738643905148,0.969542238861322,0.60179814370349,0.398643856402487,NA,0.5
-0.630263115026057,0.200559745077044,0.907688920153305,0.334342788904905,0.150655995355919,0.972313160542399,0.542266771197319,0.50963302818127,0.218434902839363,0.748211001046002,0.228817308787256,NA,0.5
0.696031295956962,0.328547941055149,0.876553914509714,0.164135021390393,0.395798878511414,0.477207755902782,0.283287385711446,0.191637014970183,0.346791804069653,0.0879971194081008,0.774699172470719,NA,1
1.86218635994138,0.667642474640161,0.175826355349272,0.104500935412943,0.188644989626482,0.935310949804261,0.534588502487168,0.650544292991981,0.280430254060775,0.881018078653142,0.322163599310443,NA,2
0.0618266822267202,0.966812142170966,0.964485211065039,0.745329377939925,0.468591102631763,0.238328024744987,0.248983833007514,0.304753655567765,0.806436447193846,0.374863224104047,0.268298006616533,NA,3
-0.213469050164475,0.626246140571311,0.371381344739348,0.64032802847214,0.563473800662905,0.100175821688026,0.0235935947857797,0.410097931977361,0.984508452471346,0.908335901331156,0.106187571771443,NA,2
2.71820413597084,0.342010788153857,0.705079389037564,0.551346761640161,0.598823779728264,0.448870678432286,0.737467909697443,0.322141070617363,0.551015156554058,0.226791883818805,0.913258621236309,NA,1
-1.01015670294422,0.765705335186794,0.826494007604197,0.231260113185272,0.565515470458195,0.248132557841018,0.171093754237518,0.286525617586449,0.441912526264787,0.227831450290978,0.286231678677723,NA,3
-3.14339298170896,0.951644803164527,0.232232666807249,0.908373491605744,0.913206648547202,0.407022410538048,0.953037474770099,0.274196953279898,0.27726714592427,0.842141730245203,0.17599373916164,NA,3
0.816940374582757,0.00308033730834723,0.223011573543772,0.0552042822819203,0.646219877526164,0.89388394379057,0.35093015129678,0.0684547659475356,0.56139280856587,0.433695368934423,0.780848235357553,NA,0.5
-1.06114260561244,0.488627271028236,0.343027671799064,0.495272737927735,0.920322231249884,0.0372702074237168,0.504528037970886,0.391261521494016,0.130302850389853,0.576689033070579,0.0055089273955673,NA,1
3.14001425018611,0.936363400658593,0.68013828061521,0.900950629264116,0.699788666563109,0.58299405220896,0.566819867584854,0.539389610989019,0.598359101684764,0.961430250899866,0.322504172567278,NA,3
3.75658460367109,0.72642320394516,0.340536155505106,0.644040668383241,0.0150993110146374,0.76843476947397,0.496726306155324,0.994598030112684,0.0396893250290304,0.878083458403125,0.48237074050121,NA,2
1.12695583768729,0.983749621314928,0.788466003490612,0.593351603019983,0.94108819635585,0.306970248464495,0.201373670483008,0.209501806180924,0.305320084095001,0.451809530379251,0.385713089257479,NA,3
1.52459560077634,0.672651072964072,0.46188158262521,0.209960805252194,0.545736834639683,0.21016333415173,0.909396487753838,0.140858779894188,0.656669340096414,0.829055720707402,0.514228889951482,NA,2
0.963944520418568,0.0890714421402663,0.796551150269806,0.0773013802245259,0.993034319253638,0.18855186062865,0.839895894518122,0.13716762047261,0.883261514361948,0.305906966794282,0.866397253004834,NA,0.5
0.129771290079079,0.189816636266187,0.434954048832878,0.614785549463704,0.0503757097758353,0.514615601161495,0.952145036077127,0.637101435568184,0.426087585045025,0.311506387079135,0.234520558966324,NA,0.5
0.912884979700598,0.683184877503663,0.510933240642771,0.473237108206376,0.597530248807743,0.262252091662958,0.373021523468196,0.595309577649459,0.412889627274126,0.824333656812087,0.681659359484911,NA,2
-2.09362850541451,0.426857191603631,0.896169882267714,0.314928279956803,0.495635512284935,0.482654591090977,0.713752283481881,0.620617669541389,0.778110204497352,0.956990454345942,0.608790414175019,NA,1
-0.0644100579741575,0.721381928073242,0.246724736411124,0.742296724347398,0.949994837632403,0.286190049722791,0.0760854352265596,0.445758877322078,0.949769111117348,0.925280713476241,0.499942892463878,NA,2
0.10139334086343,0.0579308001324534,0.994543595705181,0.293401257600635,0.00884762965142727,0.889348507625982,0.549911052221432,0.615719662979245,0.280096381437033,0.143207954941317,0.271301218308508,NA,0.5
2.06653528604937,0.518336966400966,0.506918795639649,0.466876366641372,0.620179544668645,0.486438295803964,0.383961294777691,0.519759878516197,0.0823564794845879,0.572632172610611,0.927550779422745,NA,2
0.083993183366566,0.792077120160684,0.0227267004083842,0.350600538309664,0.802795631811023,0.271761489799246,0.752974940929562,0.58151887729764,0.448455915320665,0.114585774950683,0.480480066733435,NA,3
0.871280979378034,0.155268164584413,0.169720521196723,0.209214897826314,0.969444170594215,0.455098179168999,0.162548776483163,0.30731915589422,0.797547695925459,0.937418807530776,0.699685209430754,NA,0.5
-0.993675609227815,0.31696749618277,0.255061091855168,0.329014195129275,0.311154339462519,0.901402737712488,0.881375814089552,0.592734534991905,0.0463438257575035,0.407562130596489,0.94760683667846,NA,1
3.87620571131626,0.712310006609187,0.150037638610229,0.24496771581471,0.652770188869908,0.754434264730662,0.353124728426337,0.437375633278862,0.317781692370772,0.994260160252452,0.886606745189056,NA,2
-0.184073402751879,0.302567538106814,0.236578963929787,0.529907553223893,0.0782564121764153,0.575638748938218,0.953494219575077,0.74427487119101,0.285246771760285,0.675243055913597,0.700421273009852,NA,1
-0.82056052576034,0.607995933154598,0.269555284408852,0.859022193821147,0.785452287411317,0.556223073042929,0.531818702351302,0.694545754231513,0.475929024163634,0.182002258952707,0.0817325403913856,NA,2
-0.128441943850425,0.689589613582939,0.838425317080691,0.0708509180694818,0.0456330950837582,0.244261574465781,0.352208221564069,0.257190010044724,0.259088592603803,0.793637574184686,0.251339136157185,NA,2
-1.67953017850423,0.513718589907512,0.177739400183782,0.135568092111498,0.754302552901208,0.119685888523236,0.271099909441546,0.881469729356468,0.380955666769296,0.0594409927725792,0.285897349473089,NA,2
4.01029674994469,0.637662801891565,0.681524514220655,0.0506364298053086,0.195933144073933,0.177333432948217,0.206886797677726,0.685570570174605,0.356021656654775,0.985714256530628,0.845266965450719,NA,2
0.418247462976808,0.156605343334377,0.341756730806082,0.963353005703539,0.899666843237355,0.4310629342217,0.946215359028429,0.897696364205331,0.776364185847342,0.420296776574105,0.381828723009676,NA,0.5
-1.51268669424462,0.62234056647867,0.577063782373443,0.603003362193704,0.446018574293703,0.340106446295977,0.65706201409921,0.152433987008408,0.260849780868739,0.550666619790718,0.255014094058424,NA,2
4.89636360756605,0.807543221861124,0.476624209433794,0.202747098170221,0.38368299161084,0.331279368372634,0.282060217810795,0.374299304792657,0.750059184152633,0.606916478602216,0.0227296042721719,NA,3
2.17393837350942,0.280177400680259,0.634965054458007,0.408001474570483,0.916558355325833,0.714338184334338,0.583447890123352,0.470874862978235,0.0685866239946336,0.717115951701999,0.843359079910442,NA,1
0.114333681805783,0.438450475456193,0.602708112215623,0.349823107244447,0.414686303352937,0.198583260178566,0.261792612727731,0.163943613413721,0.180993436602876,0.669274596963078,0.0332412673160434,NA,1
-0.0575913747610489,0.180707123363391,0.526421991642565,0.82064001262188,0.521263679722324,0.792229591170326,0.514831050531939,0.655353802023456,0.148887025890872,0.567784914281219,0.786496615968645,NA,0.5
-1.01172391605431,0.463357580360025,0.267548341304064,0.839970801956952,0.421053394908085,0.835206566611305,0.946785928681493,0.722578325076029,0.913413252448663,0.466875985031947,0.519509368343279,NA,1
-1.01622844711912,0.636612149421126,0.569439431419596,0.0444083481561393,0.166187049355358,0.890496745705605,0.972773446468636,0.512027263408527,0.453198195435107,0.185353330336511,0.822659314842895,NA,2
0.879633812737811,0.937646907521412,0.357851214939728,0.754458939423785,0.757599327713251,0.252516763517633,0.253876760136336,0.213992986362427,0.89202951756306,0.274374803295359,0.646439817501232,NA,3
3.17475900901958,0.715058491099626,0.757979915942997,0.363833147101104,0.339705190155655,0.342578890034929,0.504253518534824,0.836292343214154,0.440996023127809,0.0837488134857267,0.572989572072402,NA,2
-0.0127358680059262,0.91581250471063,0.954323386540636,0.430059639271349,0.762585739139467,0.368888254277408,0.20797983976081,0.47765283472836,0.167148848297074,0.308806973975152,0.314454952254891,NA,3
-0.8544312017705,0.502859967993572,0.151654090732336,0.396629377966747,0.021326761925593,0.205127923749387,0.539602338802069,0.0801719883456826,0.0248979306779802,0.718125011539087,0.321455252822489,NA,2
-1.82887098666628,0.262003114912659,0.0757940574549139,0.85448711225763,0.564622745616361,0.0720540515612811,0.967587752500549,0.959227720042691,0.638316398952156,0.562585303094238,0.834035288542509,NA,1
3.2622467572984,0.335096222581342,0.244150118669495,0.183940630406141,0.615293832495809,0.827252987539396,0.267028478439897,0.273504600860178,0.507153154583648,0.388217261061072,0.138010729802772,NA,1
1.65601016742667,0.838172710733488,0.954755051294342,0.608526331372559,0.836548767983913,0.919543279102072,0.515458332141861,0.598611275665462,0.66656892397441,0.607837118208408,0.493392545264214,NA,3
0.381933395917132,0.261543265311047,0.95214184653014,0.764482910744846,0.966228008968756,0.493756796000525,0.872538808966056,0.585356997791678,0.242046943400055,0.900154284201562,0.452932744985446,NA,1
0.061813986449167,0.5902709166985,0.654293139465153,0.18226848798804,0.914126749383286,0.398949036840349,0.773602006956935,0.743641247740015,0.208624595077708,0.4145590539556,0.676244510803372,NA,2
0.274146489910667,0.560014321003109,0.350247922120616,0.756335157435387,0.416073066880926,0.0586489790584892,0.301071509020403,0.422949285479262,0.210499112727121,0.482112698722631,0.112424957100302,NA,2
-5.75883040392064,0.901148825651035,0.810049108229578,0.878282216377556,0.316235190955922,0.230603245552629,0.250381491146982,0.650639815721661,0.0529408203437924,0.958216429455206,0.889385785441846,NA,3
0.911749288623184,0.539145407034084,0.596371402265504,0.897788940230384,0.439045100938529,0.16618771571666,0.142886094050482,0.667914129793644,0.535841233795509,0.753273370675743,0.0447190594859421,NA,2
4.55360390370342,0.945572390919551,0.0924056400544941,0.939797199331224,0.642557488754392,0.0861750931944698,0.632535864366218,0.465771202929318,0.272886190097779,0.772984977345914,0.715489778900519,NA,3
-0.907822599380484,0.423604313516989,0.944986613234505,0.159030285896733,0.922660069772974,0.964939738158137,0.532024955842644,0.634939571144059,0.39645018754527,0.635082328226417,0.593678319593892,NA,1
-0.139344587678803,0.58962686243467,0.590537373209372,0.14912519371137,0.20451657124795,0.0897868368774652,0.738680734764785,0.374435908161104,0.989756791852415,0.584141218336299,0.653865883359686,NA,2
0.806150843945478,0.678180137882009,0.973715249914676,0.106831170618534,0.300997588550672,0.750364477513358,0.491450151661411,0.0154496582690626,0.259265987202525,0.558927526231855,0.0112981905695051,NA,2
1.44095642980371,0.917209735373035,0.341985862003639,0.268955789040774,0.109774171141908,0.239792765583843,0.454389738617465,0.522328067803755,0.60719471052289,0.118838940281421,0.388227568939328,NA,3
-3.25161689162916,0.922700179507956,0.0325096684973687,0.352068450069055,0.232990069780499,0.469084792770445,0.981463437899947,0.11463882913813,0.72538296924904,0.246744823874906,0.321137896971777,NA,3
-0.130522430553986,0.401394749758765,0.256456261267886,0.0354134733788669,0.978563639800996,0.239538576453924,0.814784180140123,0.735997994896024,0.749723166925833,0.62831072579138,0.890577062265947,NA,1
0.669575467655283,0.00989005784504116,0.435264135012403,0.723876874428242,0.849379999563098,0.0575199017766863,0.957934653852135,0.837231518467888,0.46569788781926,0.891659042565152,0.783426602371037,NA,0.5
2.54014096182668,0.305441607953981,0.0902002388611436,0.118577564833686,0.385022775735706,0.56807669182308,0.334235888672993,0.538188089616597,0.216295424615964,0.158172710798681,0.00234771450050175,NA,1
-0.193944994135837,0.00190780940465629,0.78280071169138,0.764838046627119,0.291868838947266,0.869910318404436,0.341377722565085,0.648056457517669,0.579640600830317,0.215270293876529,0.61375098163262,NA,0.5
0.0208742133525005,0.863172167912126,0.504580818815157,0.374554778914899,0.836817204486579,0.87124543520622,0.670387550722808,0.737122401129454,0.827918927185237,0.599544936791062,0.942843936849385,NA,3
0.765792314938424,0.566925200633705,0.849535879679024,0.34304199879989,0.847504819976166,0.892173214582726,0.758812437998131,0.214903841959313,0.45636634901166,0.484204821521416,0.207701456500217,NA,2
0.352804369431417,0.364061176544055,0.670583426486701,0.117415519431233,0.108332704752684,0.316217254614457,0.767299061873928,0.895374773070216,0.667814850108698,0.922258591279387,0.0134780446533114,NA,1
-1.23698048076279,0.332583913113922,0.612572266953066,0.704983988078311,0.768699376378208,0.385655405465513,0.128826092928648,0.116410831455141,0.520903897006065,0.974680992309004,0.806146663846448,NA,1
-2.56441778784605,0.665565764764324,0.605427384609357,0.17659778567031,0.02090925257653,0.704631736734882,0.73883875226602,0.774222782580182,0.268567186314613,0.696540282806382,0.354841801803559,NA,2
0.232796925229605,0.569475795142353,0.454856015508994,0.939597767777741,0.744496839120984,0.698145196773112,0.467724752146751,0.0180247377138585,0.297438253415748,0.308250970672816,0.523631568299606,NA,2
-0.916045983780381,0.398941761115566,0.661880399100482,0.385367383016273,0.0125482359435409,0.701195284491405,0.652126201428473,0.324592209421098,0.482771011535078,0.943977946648374,0.711980663239956,NA,1
-3.02511296110412,0.601308670360595,0.492553135380149,0.233871235977858,0.712123312056065,0.867592514958233,0.929739307146519,0.856446724850684,0.754480483010411,0.377171362750232,0.526562972692773,NA,2
0.08116233752899,0.208068270701915,0.806491583352908,0.138934786897153,0.550345825962722,0.273357491008937,0.738135070772842,0.122066766722128,0.67383626755327,0.776206725975499,0.432750965002924,NA,0.5
-5.27518419045481,0.891456350916997,0.601628924021497,0.281817921902984,0.245754534145817,0.525102650281042,0.350016801385209,0.0317163458094001,0.342192857991904,0.69337944011204,0.535440781386569,NA,3
-0.195996325881689,0.138576569035649,0.187388508580625,0.262100108899176,0.263345927000046,0.493119575316086,0.152671873103827,0.504191888263449,0.913665950298309,0.165937364799902,0.0847142075654119,NA,0.5
0.315579484938764,0.858387031825259,0.695295455399901,0.467401414411142,0.626965253613889,0.490166572621092,0.617864213185385,0.0769863030873239,0.542200545780361,0.219044300960377,0.0295198371168226,NA,3
0.0267096393523584,0.266054383246228,0.523457160918042,0.538887435337529,0.597743078833446,0.296432407340035,0.807767712045461,0.84599154163152,0.397196589736268,0.82058397657238,0.093033802928403,NA,1
1.25261939865097,0.60674773179926,0.706874470924959,0.674645616207272,0.156269168946892,0.858524578856304,0.966854283586144,0.777528064092621,0.547137490706518,0.0508977069985121,0.170303455553949,NA,2
0.541883133495883,0.299106652615592,0.868335065431893,0.293283038539812,0.337412812747061,0.563003861811012,0.057874902850017,0.206769967218861,0.249845808371902,0.57238865736872,0.431905421428382,NA,1
-0.359359846361593,0.00028673093765974,0.444823984289542,0.267580098472536,0.619911819230765,0.348575697746128,0.445040695136413,0.298632511869073,0.349616114981472,0.0186277241446078,0.727784499060363,NA,0.5
-0.725046148314536,0.738201215397567,0.305303359869868,0.98667918308638,0.875479456968606,0.816655561095104,0.550264997407794,0.78673102799803,0.749039791757241,0.148614945588633,0.50864305277355,NA,2
2.42662093734972,0.78392618172802,0.779760129982606,0.417675146833062,0.697084854589775,0.642540717031807,0.936560302507132,0.12054528738372,0.307862642919645,0.839434523368254,4.8645306378603e-05,NA,3
-0.841952793676179,0.248953337082639,0.903661191929132,0.214526182506233,0.640308956848457,0.630132407415658,0.557652691844851,0.294213210465387,0.575431503122672,0.117273130686954,0.394496359396726,NA,0.5
-1.03023205439958,0.724063246278092,0.797944512451068,0.531282962532714,0.761441437294707,0.882055644644424,0.695016658399254,0.902350852033123,0.740311119239777,0.755922955228016,0.0983525444753468,NA,2
-0.912771137967775,0.34925606357865,0.676785026676953,0.588860424933955,0.161323110340163,0.957519877469167,0.398865574738011,0.566670776112005,0.161247945856303,0.247955431696028,0.743449069792405,NA,1
0.517313406285897,0.119058254174888,0.301976219983771,0.2837041572202,0.0562514583580196,0.732049201382324,0.543040792457759,0.178399549797177,0.637692917603999,0.176733382046223,0.913348912494257,NA,0.5
0.871011941589735,0.308870760258287,0.508238948881626,0.217849156819284,0.755379884736612,0.308171590790153,0.877481517381966,0.958365337457508,0.897053161635995,0.609838765114546,0.357350649312139,NA,1
0.723881692134752,0.1084195880685,0.285055675543845,0.494687871308997,0.959149545524269,0.867562021827325,0.437210090924054,0.0436040495987982,0.886218967847526,0.134117919020355,0.147130149416625,NA,0.5
-4.1056823910876,0.836923674680293,0.790600413223729,0.218965121312067,0.631649191724136,0.131414104020223,0.986164937028661,0.1794618004933,0.893512472510338,0.397628468694165,0.977409608894959,NA,3
0.952558604299245,0.281533166533336,0.653331918641925,0.782094214344397,0.486817280761898,0.712452893378213,0.735165594611317,0.22127672447823,0.17275553708896,0.781067404197529,0.301315511809662,NA,1
0.434834298048182,0.345692228991538,0.579240264836699,0.952218348626047,0.0265811623539776,0.292065045097843,0.140570497373119,0.594512204639614,0.894585548667237,0.163636759854853,0.791753190103918,NA,1
-0.617241139637955,0.24287026701495,0.347456730203703,0.352250093361363,0.567248777253553,0.5325484755449,0.362278310814872,0.104282488347962,0.6345406237524,0.298809389350936,0.061041493434459,NA,0.5
-1.10157854604848,0.589005693560466,0.738731898134574,0.411837223684415,0.0231877483893186,0.510611890815198,0.317921287380159,0.142743433825672,0.362699191318825,0.295025371946394,0.297999273752794,NA,2
0.0779708729765081,0.61409965949133,0.267073255265132,0.644359648926184,0.435340049676597,0.663986770203337,0.853410524781793,0.439644190017134,0.0916713422629982,0.885482318233699,0.328195882029831,NA,2
-0.790086227163868,0.827004836406559,0.588833221467212,0.510606417665258,0.135837320005521,0.959990479284897,0.622058121720329,0.238031924469396,0.0791387532372028,0.875529285753146,0.385706771630794,NA,3
0.0121011462499208,0.434019140200689,0.76129729533568,0.565473348135129,0.554319101618603,0.193900709273294,0.253057076362893,0.960415460402146,0.64092730381526,0.927356063388288,0.739957847632468,NA,1
0.528668478450982,0.00797079806216061,0.620697325794026,0.059939440805465,0.933844800340012,0.282361896475777,0.798007321543992,0.109523738268763,0.205230085877702,0.786281060893089,0.626566218677908,NA,0.5
-1.97146007839586,0.426603920059279,0.232865846948698,0.667433485155925,0.0196325895376503,0.752369344001636,0.0936158304102719,0.0917298034764826,0.746732441009954,0.296932371798903,0.478665569564328,NA,1
0.917133356519574,0.318299685139209,0.434513642685488,0.549943955615163,0.726315794279799,0.817645830567926,0.811867464100942,0.061435961863026,0.746087650069967,0.447872480610386,0.84255820303224,NA,1
-0.329040167848524,0.118530319537967,0.457290950231254,0.645931467181072,0.893649809062481,0.290868752868846,0.963444818975404,0.287232589442283,0.965041985502467,0.503362905001268,0.700591426342726,NA,0.5
1.48193500973284,0.625231690006331,0.0553984474390745,0.649881738703698,0.299855779856443,0.496550764422864,0.941366601735353,0.854566443245858,0.833261088933796,0.97451618895866,0.931585984304547,NA,2
-0.173022349447719,0.164724288508296,0.869774119695649,0.643917094916105,0.35930937086232,0.131004156777635,0.581698802066967,0.991578063229099,0.646482613869011,0.973439331632107,0.251832834677771,NA,0.5
-0.798130578450863,0.413501289440319,0.191485705785453,0.66864021285437,0.944299905095249,0.781557427253574,0.426434542285278,0.155345749342814,0.47630034852773,0.368169168476015,0.250597581965849,NA,1
-0.574218404015675,0.242424165830016,0.58770715072751,0.515803768066689,0.381307470612228,0.00103132519870996,0.822859295178205,0.0108886968810111,0.230126534821466,0.557247446617112,0.905343563761562,NA,0.5
1.20576697217052,0.481467565754429,0.384135053725913,0.250637572957203,0.0487530084792525,0.0894714090973139,0.907941385637969,0.130016501294449,0.108319341670722,0.00571742816828191,0.322211351711303,NA,1
1.09418799497703,0.428736956324428,0.169671062380075,0.828763456083834,0.351603407878429,0.227558815153316,0.226003634510562,0.346984679810703,0.792112624039873,0.331346849445254,0.432414019247517,NA,1
1.33295018743162,0.657001668587327,0.637372163590044,0.824361448409036,0.929858485469595,0.478111879900098,0.372787630185485,0.409159137168899,0.687029706314206,0.462824999121949,0.282154636690393,NA,2
0.767515180489683,0.164000877644867,0.787021941738203,0.480641457485035,0.256527086952701,0.139046657830477,0.260776846436784,0.843071689130738,0.928756222594529,0.0495820019859821,0.623474525287747,NA,0.5
5.91575131696734,0.968515180051327,0.366838250076398,0.0660362653434277,0.856167251477018,0.179680837085471,0.161809651181102,0.591778725851327,0.48686463618651,0.738822849933058,0.183114260667935,NA,3
-6.07690196330587,0.830175120383501,0.379230955149978,0.115117009729147,0.729175335494801,0.629532365594059,0.782002086285502,0.933919353410602,0.0596355667803437,0.724859771085903,0.652606250252575,NA,3
-0.313191580590458,0.433103942545131,0.486646147910506,0.0679896532092243,0.0214490725193173,0.0353633773047477,0.744490799959749,0.845955922966823,0.958894333336502,0.156010123435408,0.303289767587557,NA,1
-0.540923578326201,0.460490206023678,0.00578354438766837,0.550281241768971,0.788312985096127,0.210271368967369,0.815538283670321,0.28684966918081,0.275849351193756,0.469581529032439,0.647478682687506,NA,1
-0.673999243552475,0.570351638598368,0.868796721566468,0.776297046570107,0.343447036575526,0.135450173402205,0.647280380362645,0.0270581084769219,0.964931801892817,0.511921106604859,0.636638013413176,NA,2
0.521317196587708,0.0333191037643701,0.283822370693088,0.192718317965046,0.948545307852328,0.824977292912081,0.370365360984579,0.515110278967768,0.214455303736031,0.224180643446743,0.711288265651092,NA,0.5
0.464127896273477,0.150690599810332,0.122571487911046,0.888559450628236,0.731974716298282,0.0771893607452512,0.541291358415037,0.552816195879132,0.315732726827264,0.151362558128312,0.962228747783229,NA,0.5
0.0280326256524612,0.218963563675061,0.667505384190008,0.811947909416631,0.687651550397277,0.0374882640317082,0.161606113892049,0.341489754617214,0.114423418417573,0.711193904979154,0.999109187629074,NA,0.5
1.72545787431865,0.791984313167632,0.713207671185955,0.329182849498466,0.632728930795565,0.319493535207585,0.219288081862032,0.48391812061891,0.699484226293862,0.955756370443851,0.813189222943038,NA,3
1.15486734783788,0.566656570881605,0.657263582805172,0.788281690096483,0.778249064926058,0.590916589833796,0.385298176435754,0.389463485917076,0.137170025613159,0.138196402462199,0.308245474472642,NA,2
-0.457464364994371,0.203198125585914,0.378648053156212,0.808898270130157,0.906652554869652,0.850757014239207,0.988703542388976,0.178554533980787,0.459032043116167,0.799958050018176,0.297242203727365,NA,0.5
2.0642220969772,0.574996857671067,0.13869056943804,0.148214791202918,0.0713210175745189,0.281843064585701,0.699210103135556,0.611457530176267,0.412616135785356,0.312300917692482,0.753751856740564,NA,2
1.79325254054518,0.779666494345292,0.699538435321301,0.961586186429486,0.347297596279532,0.0675467550754547,0.325070535531268,0.176488080061972,0.603379048407078,0.136019740719348,0.473342314828187,NA,3
-0.814168249805148,0.179700289387256,0.290472864639014,0.604973735287786,0.684216808062047,0.566976414760575,0.147398902801797,0.29908396420069,0.0406292479019612,0.475435412954539,0.30359836248681,NA,0.5
1.05601002941817,0.974190507782623,0.59218838927336,0.234243621351197,0.808535494375974,0.187695320462808,0.772726303897798,0.996423880336806,0.286155195906758,0.0625078319571912,0.898713116999716,NA,3
-0.335678118214373,0.589294733013958,0.64874632912688,0.60927852592431,0.912218964891508,0.116446102270856,0.800978301558644,0.552153271622956,0.498927663313225,0.77924073045142,0.604476742446423,NA,2
-0.297220306313378,0.00104556139558554,0.243074154946953,0.28915421012789,0.584380616666749,0.680923626758158,0.190056581050158,0.489183940691873,0.543326803250238,0.462141246302053,0.0547776529565454,NA,0.5
3.36381201170981,0.842413400299847,0.836705626221374,0.803220853442326,0.52237598830834,0.0978306015022099,0.44979960215278,0.623058009892702,0.0899901306256652,0.659136149799451,0.511611237656325,NA,3
-1.88385207395372,0.52834680210799,0.734877026872709,0.131855968618765,0.703349165152758,0.0538370700087398,0.573549640597776,0.794007008662447,0.812998212641105,0.404450054978952,0.43243193323724,NA,2
-1.73270176331594,0.779436560813338,0.115024698665366,0.0290894189383835,0.368165988940746,0.811495361849666,0.0700736299622804,0.615472083212808,0.257920050993562,0.869047976098955,0.349914842285216,NA,3
1.37079153120135,0.570917901350185,0.187404554570094,0.398802037583664,0.846335949376225,0.934954999480397,0.529415836092085,0.910126697039232,0.118137815967202,0.111092046368867,0.248694343725219,NA,2
0.571363043562507,0.331030112225562,0.450528397923335,0.336339824367315,0.16454178863205,0.430747980251908,0.505673100007698,0.328476364724338,0.21718189259991,0.586265194229782,0.447927470318973,NA,1
-1.79533836540329,0.976926734903827,0.0961627899669111,0.60899573401548,0.599624714581296,0.713024838129058,0.36587701109238,0.517652825685218,0.313225879799575,0.691182613139972,0.946866175159812,NA,3
2.76102079506608,0.760612237034366,0.802744230488315,0.707125860266387,0.710110249230638,0.0485071069560945,0.337238987907767,0.603377134539187,0.396445233840495,0.336875891312957,0.0135681433603168,NA,3
1.03587118074943,0.546186395455152,0.0895447288639843,0.102424295851961,0.124316787347198,0.398161188932136,0.0595820427406579,0.0317856874316931,0.711451485287398,0.184543622424826,0.570017953403294,NA,2
2.64092013401424,0.813234215602279,0.346893396694213,0.999183400999755,0.163131871260703,0.109145125374198,0.742135232314467,0.926391132874414,0.354281723732129,0.518946023192257,0.143736189464107,NA,3
-2.14161378373943,0.623024221044034,0.987261440372095,0.240460366243497,0.0876346873119473,0.137773034861311,0.00308776297606528,0.764373373007402,0.797460315050557,0.443219825392589,0.516431802418083,NA,2
-0.193411209224147,0.0207313429564238,0.243699158774689,0.459949440322816,0.262547085061669,0.695130342617631,0.946504537714645,0.726618548389524,0.864191201748326,0.815897560212761,0.0842976626008749,NA,0.5
1.04927342445141,0.472177557414398,0.0301995284389704,0.293144194176421,0.790906876791269,0.438358291517943,0.794757833238691,0.85613635671325,0.811791674233973,0.112252983730286,0.169568839715794,NA,1
0.348988455997724,0.262080669403076,0.927174943732098,0.142983013764024,0.640390169108286,0.366609850898385,0.529223524965346,0.57928417250514,0.206402273848653,0.268847646424547,0.165483654243872,NA,1
0.696440990671028,0.983129711588845,0.654424325563014,0.83093448006548,0.817050429061055,0.692395427962765,0.485632661730051,0.661732462001964,0.0443739434704185,0.631122295744717,0.821382548194379,NA,3
-1.50946435977094,0.524429301731288,0.394003928638995,0.612721437122673,0.641075712163001,0.8340331655927,0.81034871423617,0.378355852561072,0.118066052906215,0.0152956454548985,0.0607850980013609,NA,2
-3.60722631045085,0.973684054333717,0.862753849243745,0.470457507064566,0.516427976312116,0.571779370773584,0.00344765046611428,0.557507778517902,0.863539802376181,0.618254639208317,0.0438256817869842,NA,3
0.640760110283842,0.3505244248081,0.388575355056673,0.525333723518997,0.90868836059235,0.656305950833485,0.87575338082388,0.145426131319255,0.142402743920684,0.722210387466475,0.646311188582331,NA,1
1.0927036128643,0.0793833178468049,0.0104481617454439,0.93192859296687,0.779025187250227,0.358062380226329,0.498329946072772,0.557266015792266,0.794099885271862,0.103802968282253,0.489988661836833,NA,0.5
-0.960320030022167,0.231456351932138,0.585931064095348,0.872712701093405,0.684092679759488,0.747057758970186,0.33389916899614,0.693479184061289,0.234955767868087,0.0913671234156936,0.484689482487738,NA,0.5
5.55515128084404,0.961973294848576,0.598567689536139,0.797411441337317,0.749971851240844,0.626418237108737,0.475173852639273,0.763921497855335,0.795191584387794,0.464224591152743,0.356469079386443,NA,3
0.222792689673181,0.216883212793618,0.504161356948316,0.685418124077842,0.138950776075944,0.609323340700939,0.0815524500794709,0.887275154469535,0.673021834110841,0.229804648784921,0.545686026103795,NA,0.5
0.493718034822244,0.11028397642076,0.503047540783882,0.179511502385139,0.763330884743482,0.77220833580941,0.934788197511807,0.494932206347585,0.731283217668533,0.855659510940313,0.0117787455674261,NA,0.5
0.461772257413767,0.29381926660426,0.762450747890398,0.234901242889464,0.5249476833269,0.629562719725072,0.200397627661005,0.684597495477647,0.356038145022467,0.802739176666364,0.600334402406588,NA,1
-0.126129491991506,0.463731594849378,0.167885933071375,0.540383089799434,0.282209430588409,0.0468776472844183,0.37753825658001,0.563547776313499,0.0574275727849454,0.122192964889109,0.144121702294797,NA,1
1.61069779366059,0.353434937307611,0.44708115211688,0.562454687664285,0.681164643960074,0.344466916518286,0.389643874252215,0.47427371609956,0.420238852966577,0.246512484736741,0.0113735438790172,NA,1
0.455525567857585,0.656678552739322,0.520737201906741,0.440892208134755,0.383611467434093,0.853515934199095,0.312850524671376,0.188586953794584,0.611132161458954,0.416548165027052,0.966824663570151,NA,2
0.752414003343478,0.368973962496966,0.144383963663131,0.298857402056456,0.603884643642232,0.948024961864576,0.0727454784791917,0.0918680941686034,0.0495259300805628,0.778334744274616,0.237199151189998,NA,1
-1.8071186112866,0.330021998845041,0.0695072312373668,0.405746232718229,0.476144076324999,0.162464414490387,0.143160074716434,0.2627956320066,0.371168155921623,0.219870826462284,0.593052309006453,NA,1
0.338110168780804,0.0405488722026348,0.971289380686358,0.55798068922013,0.217713665682822,0.626417078776285,0.498581673717126,0.377851612633094,0.218278390355408,0.651240651495755,0.95426289155148,NA,0.5
-3.08507748542801,0.905532934004441,0.329712072620168,0.140193846542388,0.36389043321833,0.374093280639499,0.146446174709126,0.438101051608101,0.795116507913917,0.983287858776748,0.488525949651375,NA,3
-1.72372688590346,0.696682563750073,0.349387434776872,0.505626027705148,0.826131088426337,0.336876499466598,0.579624563921243,0.374704758403823,0.0984764297027141,0.158775766147301,0.86363190994598,NA,2
0.613683233774074,0.0651458308566362,0.581464517861605,0.907430648803711,0.798097816295922,0.125102420337498,0.432380372891203,0.18545747292228,0.108076399890706,0.328964518383145,0.317265540128574,NA,0.5
-0.133225601541877,0.859262556303293,0.671681129839271,0.68166439072229,0.624605974880978,0.0363332864362746,0.559169779764488,0.0110217127948999,0.197365242987871,0.235231575090438,0.954349690815434,NA,3
0.174705914799019,0.0484868276398629,0.72244808007963,0.412865192163736,0.177109800977632,0.49629073496908,0.43845453299582,0.883392751449719,0.354612664552405,0.244716308778152,0.773190965875983,NA,0.5
-2.11705848424155,0.688459891825914,0.221930157393217,0.0272207804955542,0.0866714252624661,0.0403791540302336,0.440649472177029,0.0105264887679368,0.100412974366918,0.790013117250055,0.270158890169114,NA,2
1.1060152777824,0.375678987475112,0.924136486602947,0.474893233040348,0.824483483564109,0.0317611857317388,0.0541152430232614,0.202915545087308,0.701533750165254,0.888495072023943,0.528801799751818,NA,1
-1.40484738126697,0.914472201606259,0.389121263055131,0.115709668258205,0.70249339309521,0.88396455720067,0.0478117982856929,0.939067059895024,0.574597767787054,0.756754127331078,0.176177548244596,NA,3
-1.22766612067787,0.357021145289764,0.348640100797638,0.841263998765498,0.261813498334959,0.820658108917996,0.24100551684387,0.458479619817808,0.121229101205245,0.780505152186379,0.284189038909972,NA,1
-0.137006680090441,0.0419280277565122,0.456591938855127,0.769418158335611,0.3475969475694,0.325503826374188,0.268078948371112,0.801353276707232,0.0109000348020345,0.909261407796293,0.970131604699418,NA,0.5
-0.0472805089628641,0.458404157776386,0.509212339995429,0.472755545051768,0.89819523692131,0.00172450905665755,0.195178902009502,0.491253996500745,0.602235041558743,0.000361819053068757,0.810925672529265,NA,1
-6.69280752542676,0.794113770360127,0.283597531029955,0.415720561984926,0.386682669632137,0.543149482225999,0.528418547241017,0.59079469111748,0.82328638038598,0.7218906681519,0.762335718609393,NA,3
-0.791993317715144,0.94858734565787,0.862443518359214,0.336455043870956,0.178935058414936,0.876441803527996,0.886401900788769,0.0696042117197067,0.201479215407744,0.579562027938664,0.916529270121828,NA,3
-3.5798937723398,0.518584945704788,0.341426242142916,0.980938139371574,0.025910884141922,0.703400827012956,0.611595463240519,0.540800383547321,0.108336265431717,0.802920109592378,0.717154868878424,NA,2
1.34179692842582,0.256257413187996,0.137025708565488,0.189194887410849,0.356893142918125,0.456141719361767,0.802874229149893,0.286960861412808,0.539246008498594,0.623640240402892,0.202499657869339,NA,1
0.574692809911355,0.367721185088158,0.189689038787037,0.650288314092904,0.916537459241226,0.189138949615881,0.176210168516263,0.626079858280718,0.105365733848885,0.0375174721702933,0.556417517596856,NA,1
0.291989692067655,0.374401310924441,0.173651255434379,0.666860758094117,0.863264636369422,0.927415754180402,0.457678058184683,0.499020219780505,0.751850564265624,0.987137568416074,0.329214916797355,NA,1
-1.0948854251991,0.480366722913459,0.382694880710915,0.93061161483638,0.545312937349081,0.46468991599977,0.467403194168583,0.945679706521332,0.918626469327137,0.6478590965271,0.0622258309740573,NA,1
0.549466325611295,0.832923032343388,0.586885153781623,0.856621402082965,0.0974842766299844,0.193075296701863,0.797113571548834,0.331570270936936,0.681197754340246,0.456899536773562,0.216078756842762,NA,3
-1.18444309638044,0.987224767683074,0.0441201773937792,0.150253226514906,0.924849382368848,0.243760817451403,0.601127431960776,0.941083330428228,0.0376720677595586,0.590444662142545,0.594265560386702,NA,3
-2.6287892127699,0.511187988799065,0.17760677007027,0.0900412548799068,0.707964851288125,0.772246306762099,0.0507865459658206,0.880909067578614,0.565439280355349,0.325563751393929,0.625947890337557,NA,2
